symbol,name,kind,underlying
20MICRONS,20 Microns Limited,EQUITY,
21STCENMGM,21st Century Management Services Limited,EQUITY,
360ONE,360 ONE WAM LIMITED,EQUITY,
3IINFOLTD,3i Infotech Limited,EQUITY,
3MINDIA,3M India Limited,EQUITY,
3PLAND,3P Land Holdings Limited,EQUITY,
5PAISA,5Paisa Capital Limited,EQUITY,
63MOONS,63 moons technologies limited,EQUITY,
A2ZINFRA,A2Z Infra Engineering Limited,EQUITY,
AAATECH,AAA Technologies Limited,EQUITY,
AAKASH,Aakash Exploration Services Limited,EQUITY,
AAREYDRUGS,Aarey Drugs & Pharmaceuticals Limited,EQUITY,
AARON,Aaron Industries Limited,EQUITY,
AARTECH,Aartech Solonics Limited,EQUITY,
AARTIDRUGS,Aarti Drugs Limited,EQUITY,
AARTIIND,Aarti Industries Limited,EQUITY,
AARTIPHARM,Aarti Pharmalabs Limited,EQUITY,
AARTISURF,Aarti Surfactants Limited,EQUITY,
AARVEEDEN,Aarvee Denims & Exports Limited,EQUITY,
AARVI,Aarvi Encon Limited,EQUITY,
AAVAS,Aavas Financiers Limited,EQUITY,
ABAN,Aban Offshore Limited,EQUITY,
ABB,ABB India Limited,EQUITY,
ABBOTINDIA,Abbott India Limited,EQUITY,
ABCAPITAL,Aditya Birla Capital Limited,EQUITY,
ABFRL,Aditya Birla Fashion and Retail Limited,EQUITY,
ABMINTLLTD,ABM International Limited,EQUITY,
ABSLAMC,Aditya Birla Sun Life AMC Limited,EQUITY,
ACC,ACC Limited,EQUITY,
ACCELYA,Accelya Solutions India Limited,EQUITY,
ACCURACY,Accuracy Shipping Limited,EQUITY,
ACE,Action Construction Equipment Limited,EQUITY,
ACEINTEG,Ace Integrated Solutions Limited,EQUITY,
ACI,Archean Chemical Industries Limited,EQUITY,
ACL,Andhra Cements Limited,EQUITY,
ADANIENSOL,Adani Energy Solutions Limited,EQUITY,
ADANIENT,Adani Enterprises Limited,EQUITY,
ADANIGREEN,Adani Green Energy Limited,EQUITY,
ADANIPORTS,Adani Ports and Special Economic Zone Limited,EQUITY,
ADANIPOWER,Adani Power Limited,EQUITY,
ADFFOODS,ADF Foods Limited,EQUITY,
ADL,Archidply Decor Limited,EQUITY,
ADORWELD,Ador Welding Limited,EQUITY,
ADROITINFO,Adroit Infotech Limited,EQUITY,
ADSL,Allied Digital Services Limited,EQUITY,
ADVANIHOTR,Advani Hotels & Resorts (India) Limited,EQUITY,
ADVENZYMES,Advanced Enzyme Technologies Limited,EQUITY,
AEGISCHEM,Aegis Logistics Limited,EQUITY,
AEROFLEX,Aeroflex Industries Limited,EQUITY,
AETHER,Aether Industries Limited,EQUITY,
AFFLE,Affle (India) Limited,EQUITY,
AGARIND,Agarwal Industrial Corporation Limited,EQUITY,
AGI,AGI Greenpac Limited,EQUITY,
AGRITECH,Agri-Tech (India) Limited,EQUITY,
AGROPHOS,Agro Phos India Limited,EQUITY,
AGSTRA,AGS Transact Technologies Limited,EQUITY,
AHL,Abans Holdings Limited,EQUITY,
AHLADA,Ahlada Engineers Limited,EQUITY,
AHLEAST,Asian Hotels (East) Limited,EQUITY,
AHLUCONT,Ahluwalia Contracts (India) Limited,EQUITY,
AIAENG,AIA Engineering Limited,EQUITY,
AIRAN,Airan Limited,EQUITY,
AIROLAM,Airo Lam limited,EQUITY,
AJANTPHARM,Ajanta Pharma Limited,EQUITY,
AJMERA,Ajmera Realty & Infra India Limited,EQUITY,
AJOONI,Ajooni Biotech Limited,EQUITY,
AKASH,Akash Infra-Projects Limited,EQUITY,
AKG,Akg Exim Limited,EQUITY,
AKI,AKI India Limited,EQUITY,
AKSHAR,Akshar Spintex Limited,EQUITY,
AKSHARCHEM,AksharChem India Limited,EQUITY,
AKSHOPTFBR,Aksh Optifibre Limited,EQUITY,
AKZOINDIA,Akzo Nobel India Limited,EQUITY,
ALANKIT,Alankit Limited,EQUITY,
ALBERTDAVD,Albert David Limited,EQUITY,
ALEMBICLTD,Alembic Limited,EQUITY,
ALICON,Alicon Castalloy Limited,EQUITY,
ALKALI,Alkali Metals Limited,EQUITY,
ALKEM,Alkem Laboratories Limited,EQUITY,
ALKYLAMINE,Alkyl Amines Chemicals Limited,EQUITY,
ALLCARGO,Allcargo Logistics Limited,EQUITY,
ALLSEC,Allsec Technologies Limited,EQUITY,
ALMONDZ,Almondz Global Securities Limited,EQUITY,
ALOKINDS,Alok Industries Limited,EQUITY,
ALPA,Alpa Laboratories Limited,EQUITY,
ALPHAGEO,Alphageo (India) Limited,EQUITY,
ALPSINDUS,Alps Industries Limited,EQUITY,
AMARAJABAT,Amara Raja Batteries Limited,EQUITY,
AMBER,Amber Enterprises India Limited,EQUITY,
AMBICAAGAR,Ambica Agarbathies & Aroma industries Limited,EQUITY,
AMBIKCO,Ambika Cotton Mills Limited,EQUITY,
AMBUJACEM,Ambuja Cements Limited,EQUITY,
AMDIND,AMD Industries Limited,EQUITY,
AMIORG,Ami Organics Limited,EQUITY,
AMJLAND,Amj Land Holdings Limited,EQUITY,
AMRUTANJAN,Amrutanjan Health Care Limited,EQUITY,
ANANDRATHI,Anand Rathi Wealth Limited,EQUITY,
ANANTRAJ,Anant Raj Limited,EQUITY,
ANDHRAPAP,ANDHRA PAPER LIMITED,EQUITY,
ANDHRSUGAR,The Andhra Sugars Limited,EQUITY,
ANDREWYU,Andrew Yule & Company Limited,EQUITY,
ANGELONE,Angel One Limited,EQUITY,
ANIKINDS,Anik Industries Limited,EQUITY,
ANKITMETAL,Ankit Metal & Power Limited,EQUITY,
ANMOL,Anmol India Limited,EQUITY,
ANSALAPI,Ansal Properties & Infrastructure Limited,EQUITY,
ANTGRAPHIC,Antarctica Limited,EQUITY,
ANUP,The Anup Engineering Limited,EQUITY,
ANURAS,Anupam Rasayan India Limited,EQUITY,
APARINDS,Apar Industries Limited,EQUITY,
APCL,Anjani Portland Cement Limited,EQUITY,
APCOTEXIND,Apcotex Industries Limited,EQUITY,
APEX,Apex Frozen Foods Limited,EQUITY,
APLAPOLLO,APL Apollo Tubes Limited,EQUITY,
APLLTD,Alembic Pharmaceuticals Limited,EQUITY,
APOLLO,Apollo Micro Systems Limited,EQUITY,
APOLLOHOSP,Apollo Hospitals Enterprise Limited,EQUITY,
APOLLOPIPE,Apollo Pipes Limited,EQUITY,
APOLLOTYRE,Apollo Tyres Limited,EQUITY,
APOLSINHOT,Apollo Sindoori Hotels Limited,EQUITY,
APTECHT,Aptech Limited,EQUITY,
APTUS,Aptus Value Housing Finance India Limited,EQUITY,
ARCHIDPLY,Archidply Industries Limited,EQUITY,
ARCHIES,Archies Limited,EQUITY,
ARENTERP,Rajdarshan Industries Limited,EQUITY,
ARIES,Aries Agro Limited,EQUITY,
ARIHANTCAP,Arihant Capital Markets Limited,EQUITY,
ARIHANTSUP,Arihant Superstructures Limited,EQUITY,
ARMANFIN,Arman Financial Services Limited,EQUITY,
AROGRANITE,Aro Granite Industries Limited,EQUITY,
ARROWGREEN,Arrow Greentech Limited,EQUITY,
ARSHIYA,Arshiya Limited,EQUITY,
ARSSINFRA,ARSS Infrastructure Projects Limited,EQUITY,
ARTEMISMED,Artemis Medicare Services Limited,EQUITY,
ARTNIRMAN,Art Nirman Limited,EQUITY,
ARVEE,Arvee Laboratories (India) Limited,EQUITY,
ARVIND,Arvind Limited,EQUITY,
ARVINDFASN,Arvind Fashions Limited,EQUITY,
ARVSMART,Arvind SmartSpaces Limited,EQUITY,
ASAHIINDIA,Asahi India Glass Limited,EQUITY,
ASAHISONG,Asahi Songwon Colors Limited,EQUITY,
ASAL,Automotive Stampings and Assemblies Limited,EQUITY,
ASALCBR,Associated Alcohols & Breweries Ltd.,EQUITY,
ASHAPURMIN,Ashapura Minechem Limited,EQUITY,
ASHIANA,Ashiana Housing Limited,EQUITY,
ASHIMASYN,Ashima Limited,EQUITY,
ASHOKA,Ashoka Buildcon Limited,EQUITY,
ASHOKAMET,Ashoka Metcast Limited,EQUITY,
ASHOKLEY,Ashok Leyland Limited,EQUITY,
ASIANENE,Asian Energy Services Limited,EQUITY,
ASIANHOTNR,Asian Hotels (North) Limited,EQUITY,
ASIANPAINT,Asian Paints Limited,EQUITY,
ASIANTILES,Asian Granito India Limited,EQUITY,
ASMS,Bartronics India Limited,EQUITY,
ASPINWALL,Aspinwall and Company Limited,EQUITY,
ASTEC,Astec LifeSciences Limited,EQUITY,
ASTERDM,Aster DM Healthcare Limited,EQUITY,
ASTRAL,Astral Limited,EQUITY,
ASTRAMICRO,Astra Microwave Products Limited,EQUITY,
ASTRAZEN,AstraZeneca Pharma India Limited,EQUITY,
ASTRON,Astron Paper & Board Mill Limited,EQUITY,
ATALREAL,Atal Realtech Limited,EQUITY,
ATAM,Atam Valves Limited,EQUITY,
ATFL,Agro Tech Foods Limited,EQUITY,
ATGL,Adani Total Gas Limited,EQUITY,
ATL,Allcargo Terminals Limited,EQUITY,
ATLANTA,Atlanta  Limited,EQUITY,
ATUL,Atul Limited,EQUITY,
ATULAUTO,Atul Auto Limited,EQUITY,
AUBANK,AU Small Finance Bank Limited,EQUITY,
AURIONPRO,Aurionpro Solutions Limited,EQUITY,
AUROPHARMA,Aurobindo Pharma Limited,EQUITY,
AURUM,Aurum PropTech Limited,EQUITY,
AUSOMENT,Ausom Enterprise Limited,EQUITY,
AUTOAXLES,Automotive Axles Limited,EQUITY,
AUTOIND,Autoline Industries Limited,EQUITY,
AVADHSUGAR,Avadh Sugar & Energy Limited,EQUITY,
AVALON,Avalon Technologies Limited,EQUITY,
AVANTIFEED,Avanti Feeds Limited,EQUITY,
AVG,AVG Logistics Limited,EQUITY,
AVONMORE,Avonmore Capital & Management Services Limited,EQUITY,
AVROIND,AVRO INDIA LIMITED,EQUITY,
AVTNPL,AVT Natural Products Limited,EQUITY,
AWHCL,Antony Waste Handling Cell Limited,EQUITY,
AWL,Adani Wilmar Limited,EQUITY,
AXISBANK,Axis Bank Limited,EQUITY,
AXISCADES,AXISCADES Technologies Limited,EQUITY,
AXITA,Axita Cotton Limited,EQUITY,
AYMSYNTEX,AYM Syntex Limited,EQUITY,
BAFNAPH,Bafna Pharmaceuticals Limited,EQUITY,
BAGFILMS,B.A.G Films and Media Limited,EQUITY,
BAIDFIN,Baid Finserv Limited,EQUITY,
BAJAJ-AUTO,Bajaj Auto Limited,EQUITY,
BAJAJCON,Bajaj Consumer Care Limited,EQUITY,
BAJAJELEC,Bajaj Electricals Limited,EQUITY,
BAJAJFINSV,Bajaj Finserv Limited,EQUITY,
BAJAJHCARE,Bajaj Healthcare Limited,EQUITY,
BAJAJHIND,Bajaj Hindusthan Sugar Limited,EQUITY,
BAJAJHLDNG,Bajaj Holdings & Investment Limited,EQUITY,
BAJFINANCE,Bajaj Finance Limited,EQUITY,
BALAJITELE,Balaji Telefilms Limited,EQUITY,
BALAMINES,Balaji Amines Limited,EQUITY,
BALAXI,BALAXI PHARMACEUTICALS LIMITED,EQUITY,
BALKRISHNA,Balkrishna Paper Mills Limited,EQUITY,
BALKRISIND,Balkrishna Industries Limited,EQUITY,
BALMLAWRIE,Balmer Lawrie & Company Limited,EQUITY,
BALPHARMA,Bal Pharma Limited,EQUITY,
BALRAMCHIN,Balrampur Chini Mills Limited,EQUITY,
BANARBEADS,Banaras Beads Limited,EQUITY,
BANARISUG,Bannari Amman Sugars Limited,EQUITY,
BANCOINDIA,Banco Products (I) Limited,EQUITY,
BANDHANBNK,Bandhan Bank Limited,EQUITY,
BANG,Bang Overseas Limited,EQUITY,
BANKA,Banka BioLoo Limited,EQUITY,
BANKBARODA,Bank of Baroda,EQUITY,
BANKINDIA,Bank of India,EQUITY,
BANSWRAS,Banswara Syntex Limited,EQUITY,
BARBEQUE,Barbeque Nation Hospitality Limited,EQUITY,
BASF,BASF India Limited,EQUITY,
BASML,Bannari Amman Spinning Mills Limited,EQUITY,
BATAINDIA,Bata India Limited,EQUITY,
BAYERCROP,Bayer Cropscience Limited,EQUITY,
BBL,Bharat Bijlee Limited,EQUITY,
BBOX,Black Box Limited,EQUITY,
BBTC,Bombay Burmah Trading Corporation Limited,EQUITY,
BBTCL,B&B Triplewall Containers Limited,EQUITY,
BCG,Brightcom Group Limited,EQUITY,
BCLIND,Bcl Industries Limited,EQUITY,
BCONCEPTS,Brand Concepts Limited,EQUITY,
BDL,Bharat Dynamics Limited,EQUITY,
BEARDSELL,Beardsell Limited,EQUITY,
BECTORFOOD,Mrs. Bectors Food Specialities Limited,EQUITY,
BEDMUTHA,Bedmutha Industries Limited,EQUITY,
BEL,Bharat Electronics Limited,EQUITY,
BEML,BEML Limited,EQUITY,
BEPL,Bhansali Engineering Polymers Limited,EQUITY,
BERGEPAINT,Berger Paints (I) Limited,EQUITY,
BFINVEST,BF Investment Limited,EQUITY,
BFUTILITIE,BF Utilities Limited,EQUITY,
BGLOBAL,Bharatiya Global Infomedia Limited,EQUITY,
BGRENERGY,BGR Energy Systems Limited,EQUITY,
BHAGCHEM,Bhagiradha Chemicals & Industries Limited,EQUITY,
BHAGERIA,Bhageria Industries Limited,EQUITY,
BHAGYANGR,Bhagyanagar India Limited,EQUITY,
BHANDARI,Bhandari Hosiery Exports Limited,EQUITY,
BHARATFORG,Bharat Forge Limited,EQUITY,
BHARATGEAR,Bharat Gears Limited,EQUITY,
BHARATRAS,Bharat Rasayan Limited,EQUITY,
BHARATWIRE,Bharat Wire Ropes Limited,EQUITY,
BHARTIARTL,Bharti Airtel Limited,EQUITY,
BHEL,Bharat Heavy Electricals Limited,EQUITY,
BIGBLOC,Bigbloc Construction Limited,EQUITY,
BIKAJI,Bikaji Foods International Limited,EQUITY,
BIL,Bhartiya International Limited,EQUITY,
BINANIIND,Binani Industries Limited,EQUITY,
BIOCON,Biocon Limited,EQUITY,
BIOFILCHEM,Biofil Chemicals & Pharmaceuticals Limited,EQUITY,
BIRLACABLE,Birla Cable Limited,EQUITY,
BIRLACORPN,Birla Corporation Limited,EQUITY,
BIRLAMONEY,Aditya Birla Money Limited,EQUITY,
BIRLATYRE,Birla Tyres Limited,EQUITY,
BKMINDST,Bkm Industries Limited,EQUITY,
BLAL,BEML Land Assets Limited,EQUITY,
BLBLIMITED,BLB Limited,EQUITY,
BLISSGVS,Bliss GVS Pharma Limited,EQUITY,
BLKASHYAP,B. L. Kashyap and Sons Limited,EQUITY,
BLS,BLS International Services Limited,EQUITY,
BLUECHIP,Blue Chip India Limited,EQUITY,
BLUEDART,Blue Dart Express Limited,EQUITY,
BLUESTARCO,Blue Star Limited,EQUITY,
BODALCHEM,Bodal Chemicals Limited,EQUITY,
BOHRAIND,Bohra Industries Limited,EQUITY,
BOMDYEING,Bombay Dyeing & Mfg Company Limited,EQUITY,
BOROLTD,Borosil Limited,EQUITY,
BORORENEW,BOROSIL RENEWABLES LIMITED,EQUITY,
BOSCHLTD,Bosch Limited,EQUITY,
BPCL,Bharat Petroleum Corporation Limited,EQUITY,
BPL,BPL Limited,EQUITY,
BRIGADE,Brigade Enterprises Limited,EQUITY,
BRITANNIA,Britannia Industries Limited,EQUITY,
BRNL,Bharat Road Network Limited,EQUITY,
BROOKS,Brooks Laboratories Limited,EQUITY,
BSE,BSE Limited,EQUITY,
BSHSL,Bombay Super Hybrid Seeds Limited,EQUITY,
BSL,BSL Limited,EQUITY,
BSOFT,BIRLASOFT LIMITED,EQUITY,
BTML,Bodhi Tree Multimedia Limited,EQUITY,
BURNPUR,Burnpur Cement Limited,EQUITY,
BUTTERFLY,Butterfly Gandhimathi Appliances Limited,EQUITY,
BVCL,Barak Valley Cements Limited,EQUITY,
BYKE,The Byke Hospitality Ltd,EQUITY,
CALSOFT,California Software Company Limited,EQUITY,
CAMLINFINE,Camlin Fine Sciences Limited,EQUITY,
CAMPUS,Campus Activewear Limited,EQUITY,
CAMS,Computer Age Management Services Limited,EQUITY,
CANBK,Canara Bank,EQUITY,
CANFINHOME,Can Fin Homes Limited,EQUITY,
CANTABIL,Cantabil Retail India Limited,EQUITY,
CAPACITE,Capacit'e Infraprojects Limited,EQUITY,
CAPLIPOINT,Caplin Point Laboratories Limited,EQUITY,
CAPTRUST,Capital Trust Limited,EQUITY,
CARBORUNIV,Carborundum Universal Limited,EQUITY,
CAREERP,Career Point Limited,EQUITY,
CARERATING,CARE Ratings Limited,EQUITY,
CARTRADE,Cartrade Tech Limited,EQUITY,
CARYSIL,CARYSIL LIMITED,EQUITY,
CASTROLIND,Castrol India Limited,EQUITY,
CCHHL,Country Club Hospitality & Holidays Limited,EQUITY,
CCL,CCL Products (India) Limited,EQUITY,
CDSL,Central Depository Services (India) Limited,EQUITY,
CEATLTD,CEAT Limited,EQUITY,
CELEBRITY,Celebrity Fashions Limited,EQUITY,
CENTENKA,Century Enka Limited,EQUITY,
CENTEXT,Century Extrusions Limited,EQUITY,
CENTRALBK,Central Bank of India,EQUITY,
CENTRUM,Centrum Capital Limited,EQUITY,
CENTUM,Centum Electronics Limited,EQUITY,
CENTURYPLY,Century Plyboards (India) Limited,EQUITY,
CENTURYTEX,Century Textiles & Industries Limited,EQUITY,
CERA,Cera Sanitaryware Limited,EQUITY,
CEREBRAINT,Cerebra Integrated Technologies Limited,EQUITY,
CESC,CESC Limited,EQUITY,
CGCL,Capri Global Capital Limited,EQUITY,
CGPOWER,CG Power and Industrial Solutions Limited,EQUITY,
CHALET,Chalet Hotels Limited,EQUITY,
CHAMBLFERT,Chambal Fertilizers & Chemicals Limited,EQUITY,
CHEMBOND,Chembond Chemicals Ltd,EQUITY,
CHEMCON,Chemcon Speciality Chemicals Limited,EQUITY,
CHEMFAB,Chemfab Alkalis Limited,EQUITY,
CHEMPLASTS,Chemplast Sanmar Limited,EQUITY,
CHENNPETRO,Chennai Petroleum Corporation Limited,EQUITY,
CHEVIOT,Cheviot Company Limited,EQUITY,
CHOICEIN,Choice International Limited,EQUITY,
CHOLAFIN,Cholamandalam Investment and Finance Company Limited,EQUITY,
CHOLAHLDNG,Cholamandalam Financial Holdings Limited,EQUITY,
CIEINDIA,CIE Automotive India Limited,EQUITY,
CIGNITITEC,Cigniti Technologies Limited,EQUITY,
CINELINE,Cineline India Limited,EQUITY,
CINEVISTA,Cinevista Limited,EQUITY,
CIPLA,Cipla Limited,EQUITY,
CLEAN,Clean Science and Technology Limited,EQUITY,
CLEDUCATE,CL Educate Limited,EQUITY,
CLSEL,Chaman Lal Setia Exports Limited,EQUITY,
CMICABLES,CMI Limited,EQUITY,
CMSINFO,CMS Info Systems Limited,EQUITY,
COALINDIA,Coal India Limited,EQUITY,
COASTCORP,Coastal Corporation Limited,EQUITY,
COCHINSHIP,Cochin Shipyard Limited,EQUITY,
COFFEEDAY,Coffee Day Enterprises Limited,EQUITY,
COFORGE,Coforge Limited,EQUITY,
COLPAL,Colgate Palmolive (India) Limited,EQUITY,
COMPINFO,Compuage Infocom Limited,EQUITY,
COMPUSOFT,Compucom Software Limited,EQUITY,
CONCOR,Container Corporation of India Limited,EQUITY,
CONCORDBIO,Concord Biotech Limited,EQUITY,
CONFIPET,Confidence Petroleum India Limited,EQUITY,
CONSOFINVT,Consolidated Finvest & Holdings Limited,EQUITY,
CONTROLPR,Control Print Limited,EQUITY,
CORALFINAC,Coral India Finance & Housing Limited,EQUITY,
CORDSCABLE,Cords Cable Industries Limited,EQUITY,
COROMANDEL,Coromandel International Limited,EQUITY,
COSMOFIRST,COSMO FIRST LIMITED,EQUITY,
COUNCODOS,Country Condo's Limited,EQUITY,
CRAFTSMAN,Craftsman Automation Limited,EQUITY,
CREATIVE,Creative Newtech Limited,EQUITY,
CREATIVEYE,Creative Eye Limited,EQUITY,
CREDITACC,CREDITACCESS GRAMEEN LIMITED,EQUITY,
CREST,Crest Ventures Limited,EQUITY,
CRISIL,CRISIL Limited,EQUITY,
CROMPTON,Crompton Greaves Consumer Electricals Limited,EQUITY,
CROWN,Crown Lifters Limited,EQUITY,
CSBBANK,CSB Bank Limited,EQUITY,
CSLFINANCE,CSL Finance Limited,EQUITY,
CTE,Cambridge Technology Enterprises Limited,EQUITY,
CUB,City Union Bank Limited,EQUITY,
CUBEXTUB,Cubex Tubings Limited,EQUITY,
CUMMINSIND,Cummins India Limited,EQUITY,
CUPID,Cupid Limited,EQUITY,
CYBERMEDIA,Cyber Media (India) Limited,EQUITY,
CYBERTECH,Cybertech Systems And Software Limited,EQUITY,
CYIENT,Cyient Limited,EQUITY,
CYIENTDLM,Cyient DLM Limited,EQUITY,
DAAWAT,LT Foods Limited,EQUITY,
DABUR,Dabur India Limited,EQUITY,
DALBHARAT,Dalmia Bharat Limited,EQUITY,
DALMIASUG,Dalmia Bharat Sugar and Industries Limited,EQUITY,
DAMODARIND,Damodar Industries Limited,EQUITY,
DANGEE,Dangee Dums Limited,EQUITY,
DATAMATICS,Datamatics Global Services Limited,EQUITY,
DATAPATTNS,Data Patterns (India) Limited,EQUITY,
DBCORP,D.B.Corp Limited,EQUITY,
DBL,Dilip Buildcon Limited,EQUITY,
DBOL,Dhampur Bio Organics Limited,EQUITY,
DBREALTY,D B Realty Limited,EQUITY,
DBSTOCKBRO,DB (International) Stock Brokers Limited,EQUITY,
DCAL,Dishman Carbogen Amcis Limited,EQUITY,
DCBBANK,DCB Bank Limited,EQUITY,
DCI,Dc Infotech And Communication Limited,EQUITY,
DCM,DCM  Limited,EQUITY,
DCMFINSERV,DCM Financial Services Limited,EQUITY,
DCMNVL,DCM Nouvelle Limited,EQUITY,
DCMSHRIRAM,DCM Shriram Limited,EQUITY,
DCMSRIND,DCM Shriram Industries Limited,EQUITY,
DCW,DCW Limited,EQUITY,
DCXINDIA,DCX Systems Limited,EQUITY,
DECCANCE,Deccan Cements Limited,EQUITY,
DEEPAKFERT,Deepak Fertilizers and Petrochemicals Corporation Limited,EQUITY,
DEEPAKNTR,Deepak Nitrite Limited,EQUITY,
DEEPENR,DEEP ENERGY RESOURCES LIMITED,EQUITY,
DEEPINDS,Deep Industries Limited,EQUITY,
DELHIVERY,Delhivery Limited,EQUITY,
DELPHIFX,DELPHI WORLD MONEY LIMITED,EQUITY,
DELTACORP,Delta Corp Limited,EQUITY,
DELTAMAGNT,Delta Manufacturing Limited,EQUITY,
DEN,Den Networks Limited,EQUITY,
DENORA,De Nora India Limited,EQUITY,
DEVIT,Dev Information Technology Limited,EQUITY,
DEVYANI,Devyani International Limited,EQUITY,
DGCONTENT,Digicontent Limited,EQUITY,
DHAMPURSUG,Dhampur Sugar Mills Limited,EQUITY,
DHANBANK,Dhanlaxmi Bank Limited,EQUITY,
DHANI,Dhani Services Limited,EQUITY,
DHANUKA,Dhanuka Agritech Limited,EQUITY,
DHARMAJ,Dharmaj Crop Guard Limited,EQUITY,
DHRUV,Dhruv Consultancy Services Limited,EQUITY,
DHUNINV,Dhunseri Investments Limited,EQUITY,
DIACABS,Diamond Power Infrastructure Limited,EQUITY,
DIAMINESQ,Diamines & Chemicals Limited,EQUITY,
DIAMONDYD,Prataap Snacks Limited,EQUITY,
DICIND,DIC India Limited,EQUITY,
DIGISPICE,DiGiSPICE Technologies Limited,EQUITY,
DIGJAMLMTD,Digjam Limited,EQUITY,
DIL,Debock Industries Limited,EQUITY,
DISHTV,Dish TV India Limited,EQUITY,
DIVGIITTS,Divgi Torqtransfer Systems Limited,EQUITY,
DIVISLAB,Divi's Laboratories Limited,EQUITY,
DIXON,Dixon Technologies (India) Limited,EQUITY,
DJML,DJ Mediaprint & Logistics Limited,EQUITY,
DLF,DLF Limited,EQUITY,
DLINKINDIA,D-Link (India) Limited,EQUITY,
DMART,Avenue Supermarts Limited,EQUITY,
DMCC,DMCC SPECIALITY CHEMICALS LIMITED,EQUITY,
DNAMEDIA,Diligent Media Corporation Limited,EQUITY,
DODLA,Dodla Dairy Limited,EQUITY,
DOLATALGO,Dolat Algotech Limited,EQUITY,
DOLLAR,Dollar Industries Limited,EQUITY,
DOLPHIN,Dolphin Offshore Enterprises (India) Limited,EQUITY,
DONEAR,Donear Industries Limited,EQUITY,
DPABHUSHAN,D. P. Abhushan Limited,EQUITY,
DPSCLTD,DPSC Limited,EQUITY,
DPWIRES,D P Wires Limited,EQUITY,
DRCSYSTEMS,DRC Systems India Limited,EQUITY,
DREAMFOLKS,Dreamfolks Services Limited,EQUITY,
DREDGECORP,Dredging Corporation of India Limited,EQUITY,
DRREDDY,Dr. Reddy's Laboratories Limited,EQUITY,
DSSL,Dynacons Systems & Solutions Limited,EQUITY,
DTIL,Dhunseri Tea & Industries Limited,EQUITY,
DUCON,Ducon Infratechnologies Limited,EQUITY,
DVL,Dhunseri Ventures Limited,EQUITY,
DWARKESH,Dwarikesh Sugar Industries Limited,EQUITY,
DYCL,Dynamic Cables Limited,EQUITY,
DYNAMATECH,Dynamatic Technologies Limited,EQUITY,
DYNPRO,Dynemic Products Limited,EQUITY,
E2E,E2E Networks Limited,EQUITY,
EASEMYTRIP,Easy Trip Planners Limited,EQUITY,
EASTSILK,Eastern Silk Industries Limited,EQUITY,
ECLERX,eClerx Services Limited,EQUITY,
EDELWEISS,Edelweiss Financial Services Limited,EQUITY,
EDUCOMP,Educomp Solutions Limited,EQUITY,
EICHERMOT,Eicher Motors Limited,EQUITY,
EIDPARRY,EID Parry India Limited,EQUITY,
EIFFL,Euro India Fresh Foods Limited,EQUITY,
EIHAHOTELS,EIH Associated Hotels Limited,EQUITY,
EIHOTEL,EIH Limited,EQUITY,
EIMCOELECO,Eimco Elecon (India) Limited,EQUITY,
EKC,Everest Kanto Cylinder Limited,EQUITY,
ELDEHSG,Eldeco Housing And Industries Limited,EQUITY,
ELECON,Elecon Engineering Company Limited,EQUITY,
ELECTCAST,Electrosteel Castings Limited,EQUITY,
ELECTHERM,Electrotherm (India) Limited,EQUITY,
ELGIEQUIP,Elgi Equipments Limited,EQUITY,
ELGIRUBCO,Elgi Rubber Company Limited,EQUITY,
ELIN,Elin Electronics Limited,EQUITY,
EMAMILTD,Emami Limited,EQUITY,
EMAMIPAP,Emami Paper Mills Limited,EQUITY,
EMAMIREAL,Emami Realty Limited,EQUITY,
EMIL,Electronics Mart India Limited,EQUITY,
EMKAY,Emkay Global Financial Services Limited,EQUITY,
EMMBI,Emmbi Industries Limited,EQUITY,
EMSLIMITED,EMS Limited,EQUITY,
EMUDHRA,eMudhra Limited,EQUITY,
ENDURANCE,Endurance Technologies Limited,EQUITY,
ENERGYDEV,Energy Development Company Limited,EQUITY,
ENGINERSIN,Engineers India Limited,EQUITY,
ENIL,Entertainment Network (India) Limited,EQUITY,
EPIGRAL,Epigral Limited,EQUITY,
EPL,EPL Limited,EQUITY,
EQUIPPP,Equippp Social Impact Technologies Limited,EQUITY,
EQUITASBNK,Equitas Small Finance Bank Limited,EQUITY,
ERIS,Eris Lifesciences Limited,EQUITY,
EROSMEDIA,Eros International Media Limited,EQUITY,
ESABINDIA,Esab India Limited,EQUITY,
ESCORTS,Escorts Kubota Limited,EQUITY,
ESSARSHPNG,Essar Shipping Limited,EQUITY,
ESSENTIA,Integra Essentia Limited,EQUITY,
ESTER,Ester Industries Limited,EQUITY,
ETHOSLTD,Ethos Limited,EQUITY,
EUROTEXIND,Eurotex Industries and Exports Limited,EQUITY,
EVEREADY,Eveready Industries India Limited,EQUITY,
EVERESTIND,Everest Industries Limited,EQUITY,
EXCEL,Excel Realty N Infra Limited,EQUITY,
EXCELINDUS,Excel Industries Limited,EQUITY,
EXIDEIND,Exide Industries Limited,EQUITY,
EXPLEOSOL,Expleo Solutions Limited,EQUITY,
EXXARO,Exxaro Tiles Limited,EQUITY,
FACT,Fertilizers and Chemicals Travancore Limited,EQUITY,
FAIRCHEMOR,Fairchem Organics Limited,EQUITY,
FAZE3Q,Faze Three Limited,EQUITY,
FCL,Fineotex Chemical Limited,EQUITY,
FCONSUMER,Future Consumer Limited,EQUITY,
FCSSOFT,FCS Software Solutions Limited,EQUITY,
FDC,FDC Limited,EQUITY,
FEDERALBNK,The Federal Bank  Limited,EQUITY,
FEL,Future Enterprises Limited,EQUITY,
FIBERWEB,Fiberweb (India) Limited,EQUITY,
FIEMIND,Fiem Industries Limited,EQUITY,
FILATEX,Filatex India Limited,EQUITY,
FINCABLES,Finolex Cables Limited,EQUITY,
FINEORG,Fine Organic Industries Limited,EQUITY,
FINOPB,Fino Payments Bank Limited,EQUITY,
FINPIPE,Finolex Industries Limited,EQUITY,
FIVESTAR,Five-Star Business Finance Limited,EQUITY,
FLEXITUFF,Flexituff Ventures International Limited,EQUITY,
FLFL,Future Lifestyle Fashions Limited,EQUITY,
FLUOROCHEM,Gujarat Fluorochemicals Limited,EQUITY,
FMGOETZE,Federal-Mogul Goetze (India) Limited.,EQUITY,
FMNL,Future Market Networks Limited,EQUITY,
FOCUS,Focus Lighting and Fixtures Limited,EQUITY,
FOODSIN,Foods & Inns Limited,EQUITY,
FORCEMOT,FORCE MOTORS LTD,EQUITY,
FORTIS,Fortis Healthcare Limited,EQUITY,
FOSECOIND,Foseco India Limited,EQUITY,
FRETAIL,Future Retail Limited,EQUITY,
FSC,Future Supply Chain Solutions Limited,EQUITY,
FSL,Firstsource Solutions Limited,EQUITY,
FUSION,Fusion Micro Finance Limited,EQUITY,
GABRIEL,Gabriel India Limited,EQUITY,
GAEL,Gujarat Ambuja Exports Limited,EQUITY,
GAIL,GAIL (India) Limited,EQUITY,
GALAXYSURF,Galaxy Surfactants Limited,EQUITY,
GALLANTT,Gallantt Ispat Limited,EQUITY,
GANDHITUBE,Gandhi Special Tubes Limited,EQUITY,
GANECOS,Ganesha Ecosphere Limited,EQUITY,
GANESHBE,Ganesh Benzoplast Limited,EQUITY,
GANESHHOUC,Ganesh Housing Corporation Limited,EQUITY,
GANGAFORGE,Ganga Forging Limited,EQUITY,
GANGESSECU,Ganges Securities Limited,EQUITY,
GANGOTRI,Gangotri Textiles Limited,EQUITY,
GARFIBRES,Garware Technical Fibres Limited,EQUITY,
GATECH,GACM Technologies Limited,EQUITY,
GATECHDVR,GACM Technologies Limited,EQUITY,
GATEWAY,Gateway Distriparks Limited,EQUITY,
GATI,GATI Limited,EQUITY,
GAYAHWS,Gayatri Highways Limited,EQUITY,
GEECEE,GeeCee Ventures Limited,EQUITY,
GEEKAYWIRE,Geekay Wires Limited,EQUITY,
GENCON,Generic Engineering Construction and Projects Limited,EQUITY,
GENESYS,Genesys International Corporation Limited,EQUITY,
GENSOL,Gensol Engineering Limited,EQUITY,
GENUSPAPER,Genus Paper & Boards Limited,EQUITY,
GENUSPOWER,Genus Power Infrastructures Limited,EQUITY,
GEOJITFSL,Geojit Financial Services Limited,EQUITY,
GEPIL,GE Power India Limited,EQUITY,
GESHIP,The Great Eastern Shipping Company Limited,EQUITY,
GET&D,GE T&D India Limited,EQUITY,
GFLLIMITED,GFL Limited,EQUITY,
GFSTEELS,Grand Foundry Limited,EQUITY,
GHCL,GHCL Limited,EQUITY,
GHCLTEXTIL,GHCL Textiles Limited,EQUITY,
GICHSGFIN,GIC Housing Finance Limited,EQUITY,
GICRE,General Insurance Corporation of India,EQUITY,
GILLANDERS,Gillanders Arbuthnot & Company Limited,EQUITY,
GILLETTE,Gillette India Limited,EQUITY,
GINNIFILA,Ginni Filaments Limited,EQUITY,
GIPCL,Gujarat Industries Power Company Limited,EQUITY,
GKWLIMITED,GKW Limited,EQUITY,
GLAND,Gland Pharma Limited,EQUITY,
GLAXO,GlaxoSmithKline Pharmaceuticals Limited,EQUITY,
GLENMARK,Glenmark Pharmaceuticals Limited,EQUITY,
GLFL,Gujarat Lease Financing Limited,EQUITY,
GLOBAL,Global Education Limited,EQUITY,
GLOBALVECT,Global Vectra Helicorp Limited,EQUITY,
GLOBE,Globe Textiles (India) Limited,EQUITY,
GLOBUSSPR,Globus Spirits Limited,EQUITY,
GLS,Glenmark Life Sciences Limited,EQUITY,
GMBREW,GM Breweries Limited,EQUITY,
GMDCLTD,Gujarat Mineral Development Corporation Limited,EQUITY,
GMMPFAUDLR,GMM Pfaudler Limited,EQUITY,
GMRINFRA,GMR Airports Infrastructure Limited,EQUITY,
GMRP&UI,GMR Power and Urban Infra Limited,EQUITY,
GNA,GNA Axles Limited,EQUITY,
GNFC,Gujarat Narmada Valley Fertilizers and Chemicals Limited,EQUITY,
GOACARBON,Goa Carbon Limited,EQUITY,
GOCLCORP,GOCL Corporation Limited,EQUITY,
GOCOLORS,Go Fashion (India) Limited,EQUITY,
GODFRYPHLP,Godfrey Phillips India Limited,EQUITY,
GODHA,Godha Cabcon & Insulation Limited,EQUITY,
GODREJAGRO,Godrej Agrovet Limited,EQUITY,
GODREJCP,Godrej Consumer Products Limited,EQUITY,
GODREJIND,Godrej Industries Limited,EQUITY,
GODREJPROP,Godrej Properties Limited,EQUITY,
GOENKA,Goenka Diamond and Jewels Limited,EQUITY,
GOKEX,Gokaldas Exports Limited,EQUITY,
GOKUL,Gokul Refoils and Solvent Limited,EQUITY,
GOKULAGRO,Gokul Agro Resources Limited,EQUITY,
GOLDENTOBC,Golden Tobacco Limited,EQUITY,
GOLDIAM,Goldiam International Limited,EQUITY,
GOLDTECH,Goldstone Technologies Limited,EQUITY,
GOODLUCK,Goodluck India Limited,EQUITY,
GOODYEAR,Goodyear India Limited,EQUITY,
GOYALALUM,Goyal Aluminiums Limited,EQUITY,
GPIL,Godawari Power And Ispat limited,EQUITY,
GPPL,Gujarat Pipavav Port Limited,EQUITY,
GPTINFRA,GPT Infraprojects Limited,EQUITY,
GRANULES,Granules India Limited,EQUITY,
GRAPHITE,Graphite India Limited,EQUITY,
GRASIM,Grasim Industries Limited,EQUITY,
GRAUWEIL,Grauer & Weil (India) Limited,EQUITY,
GRAVITA,Gravita India Limited,EQUITY,
GREAVESCOT,Greaves Cotton Limited,EQUITY,
GREENLAM,Greenlam Industries Limited,EQUITY,
GREENPANEL,Greenpanel Industries Limited,EQUITY,
GREENPLY,Greenply Industries Limited,EQUITY,
GREENPOWER,Orient Green Power Company Limited,EQUITY,
GRINDWELL,Grindwell Norton Limited,EQUITY,
GRINFRA,G R Infraprojects Limited,EQUITY,
GRMOVER,GRM Overseas Limited,EQUITY,
GROBTEA,The Grob Tea Company Limited,EQUITY,
GRPLTD,GRP Limited,EQUITY,
GRSE,Garden Reach Shipbuilders & Engineers Limited,EQUITY,
GRWRHITECH,Garware Hi-Tech Films Limited,EQUITY,
GSFC,Gujarat State Fertilizers & Chemicals Limited,EQUITY,
GSLSU,Global Surfaces Limited,EQUITY,
GSPL,Gujarat State Petronet Limited,EQUITY,
GSS,GSS Infotech Limited,EQUITY,
GTECJAINX,G-TEC JAINX EDUCATION LIMITED,EQUITY,
GTL,GTL Limited,EQUITY,
GTLINFRA,GTL Infrastructure Limited,EQUITY,
GTPL,GTPL Hathway Limited,EQUITY,
GUFICBIO,Gufic Biosciences Limited,EQUITY,
GUJALKALI,Gujarat Alkalies and Chemicals Limited,EQUITY,
GUJAPOLLO,Gujarat Apollo Industries Limited,EQUITY,
GUJGASLTD,Gujarat Gas Limited,EQUITY,
GUJRAFFIA,Gujarat Raffia Industries Limited,EQUITY,
GULFOILLUB,Gulf Oil Lubricants India Limited,EQUITY,
GULFPETRO,GP Petroleums Limited,EQUITY,
GULPOLY,Gulshan Polyols Limited,EQUITY,
GVKPIL,GVK Power & Infrastructure Limited,EQUITY,
GVPTECH,GVP Infotech Limited,EQUITY,
HAL,Hindustan Aeronautics Limited,EQUITY,
HAPPSTMNDS,Happiest Minds Technologies Limited,EQUITY,
HARDWYN,Hardwyn India Limited,EQUITY,
HARIOMPIPE,Hariom Pipe Industries Limited,EQUITY,
HARRMALAYA,Harrisons  Malayalam Limited,EQUITY,
HARSHA,Harsha Engineers International Limited,EQUITY,
HATHWAY,Hathway Cable & Datacom Limited,EQUITY,
HATSUN,Hatsun Agro Product Limited,EQUITY,
HAVELLS,Havells India Limited,EQUITY,
HAVISHA,Sri Havisha Hospitality and Infrastructure Limited,EQUITY,
HBLPOWER,HBL Power Systems Limited,EQUITY,
HBSL,HB Stockholdings Limited,EQUITY,
HCC,Hindustan Construction Company Limited,EQUITY,
HCG,Healthcare Global Enterprises Limited,EQUITY,
HCL-INSYS,HCL Infosystems Limited,EQUITY,
HCLTECH,HCL Technologies Limited,EQUITY,
HDFCAMC,HDFC Asset Management Company Limited,EQUITY,
HDFCBANK,HDFC Bank Limited,EQUITY,
HDFCLIFE,HDFC Life Insurance Company Limited,EQUITY,
HDIL,Housing Development and Infrastructure Limited,EQUITY,
HEADSUP,Heads UP Ventures Limited,EQUITY,
HECPROJECT,HEC Infra Projects Limited,EQUITY,
HEG,HEG Limited,EQUITY,
HEIDELBERG,HeidelbergCement India Limited,EQUITY,
HEMIPROP,Hemisphere Properties India Limited,EQUITY,
HERANBA,Heranba Industries Limited,EQUITY,
HERCULES,Hercules Hoists Limited,EQUITY,
HERITGFOOD,Heritage Foods Limited,EQUITY,
HEROMOTOCO,Hero MotoCorp Limited,EQUITY,
HESTERBIO,Hester Biosciences Limited,EQUITY,
HEUBACHIND,Heubach Colorants India Limited,EQUITY,
HEXATRADEX,Hexa Tradex Limited,EQUITY,
HFCL,HFCL Limited,EQUITY,
HGINFRA,H.G. Infra Engineering Limited,EQUITY,
HGS,Hinduja Global Solutions Limited,EQUITY,
HIKAL,Hikal Limited,EQUITY,
HIL,HIL Limited,EQUITY,
HILTON,Hilton Metal Forging Limited,EQUITY,
HIMATSEIDE,Himatsingka Seide Limited,EQUITY,
HINDALCO,Hindalco Industries Limited,EQUITY,
HINDCOMPOS,Hindustan Composites Limited,EQUITY,
HINDCON,Hindcon Chemicals Limited,EQUITY,
HINDCOPPER,Hindustan Copper Limited,EQUITY,
HINDMOTORS,Hindustan Motors Limited,EQUITY,
HINDNATGLS,Hindusthan National Glass & Industries Limited,EQUITY,
HINDOILEXP,Hindustan Oil Exploration Company Limited,EQUITY,
HINDPETRO,Hindustan Petroleum Corporation Limited,EQUITY,
HINDUNILVR,Hindustan Unilever Limited,EQUITY,
HINDWAREAP,Hindware Home Innovation Limited,EQUITY,
HINDZINC,Hindustan Zinc Limited,EQUITY,
HIRECT,Hind Rectifiers Limited,EQUITY,
HISARMETAL,Hisar Metal Industries Limited,EQUITY,
HITECH,Hi-Tech Pipes Limited,EQUITY,
HITECHCORP,Hitech Corporation Limited,EQUITY,
HITECHGEAR,The Hi-Tech Gears Limited,EQUITY,
HLEGLAS,HLE Glascoat Limited,EQUITY,
HLVLTD,HLV LIMITED,EQUITY,
HMAAGRO,HMA Agro Industries Limited,EQUITY,
HMT,HMT Limited,EQUITY,
HMVL,Hindustan Media Ventures Limited,EQUITY,
HNDFDS,Hindustan Foods Limited,EQUITY,
HOMEFIRST,Home First Finance Company India Limited,EQUITY,
HONAUT,Honeywell Automation India Limited,EQUITY,
HONDAPOWER,Honda India Power Products Limited,EQUITY,
HOVS,HOV Services Limited,EQUITY,
HPAL,HP Adhesives Limited,EQUITY,
HPIL,Hindprakash Industries Limited,EQUITY,
HPL,HPL Electric & Power Limited,EQUITY,
HSCL,Himadri Speciality Chemical Limited,EQUITY,
HTMEDIA,HT Media Limited,EQUITY,
HUBTOWN,Hubtown Limited,EQUITY,
HUDCO,Housing & Urban Development Corporation Limited,EQUITY,
HUHTAMAKI,Huhtamaki India Limited,EQUITY,
HYBRIDFIN,Hybrid Financial Services Limited,EQUITY,
IBREALEST,Indiabulls Real Estate Limited,EQUITY,
IBULHSGFIN,Indiabulls Housing Finance Limited,EQUITY,
ICDSLTD,ICDS Limited,EQUITY,
ICEMAKE,Ice Make Refrigeration Limited,EQUITY,
ICICIBANK,ICICI Bank Limited,EQUITY,
ICICIGI,ICICI Lombard General Insurance Company Limited,EQUITY,
ICICIPRULI,ICICI Prudential Life Insurance Company Limited,EQUITY,
ICIL,Indo Count Industries Limited,EQUITY,
ICRA,ICRA Limited,EQUITY,
IDBI,IDBI Bank Limited,EQUITY,
IDEA,Vodafone Idea Limited,EQUITY,
IDEAFORGE,Ideaforge Technology Limited,EQUITY,
IDFC,IDFC Limited,EQUITY,
IDFCFIRSTB,IDFC First Bank Limited,EQUITY,
IEL,Indiabulls Enterprises Limited,EQUITY,
IEX,Indian Energy Exchange Limited,EQUITY,
IFBAGRO,IFB Agro Industries Limited,EQUITY,
IFBIND,IFB Industries Limited,EQUITY,
IFCI,IFCI Limited,EQUITY,
IFGLEXPOR,IFGL Refractories Limited,EQUITY,
IGARASHI,Igarashi Motors India Limited,EQUITY,
IGL,Indraprastha Gas Limited,EQUITY,
IGPL,IG Petrochemicals Limited,EQUITY,
IIFL,IIFL Finance Limited,EQUITY,
IIFLSEC,IIFL Securities Limited,EQUITY,
IITL,Industrial Investment Trust Limited,EQUITY,
IKIO,IKIO Lighting Limited,EQUITY,
IL&FSENGG,IL&FS Engineering and Construction Company Limited,EQUITY,
IL&FSTRANS,IL&FS Transportation Networks Limited,EQUITY,
IMAGICAA,Imagicaaworld Entertainment Limited,EQUITY,
IMFA,Indian Metals & Ferro Alloys Limited,EQUITY,
IMPAL,India Motor Parts and Accessories Limited,EQUITY,
IMPEXFERRO,Impex Ferro Tech Limited,EQUITY,
INCREDIBLE,INCREDIBLE INDUSTRIES LIMITED,EQUITY,
INDBANK,Indbank Merchant Banking Services Limited,EQUITY,
INDHOTEL,The Indian Hotels Company Limited,EQUITY,
INDIACEM,The India Cements Limited,EQUITY,
INDIAGLYCO,India Glycols Limited,EQUITY,
INDIAMART,Indiamart Intermesh Limited,EQUITY,
INDIANB,Indian Bank,EQUITY,
INDIANCARD,Indian Card Clothing Company Limited,EQUITY,
INDIANHUME,Indian Hume Pipe Company Limited,EQUITY,
INDIGO,InterGlobe Aviation Limited,EQUITY,
INDIGOPNTS,Indigo Paints Limited,EQUITY,
INDLMETER,IMP Powers Limited,EQUITY,
INDNIPPON,India Nippon Electricals Limited,EQUITY,
INDOAMIN,Indo Amines Limited,EQUITY,
INDOBORAX,Indo Borax & Chemicals Limited,EQUITY,
INDOCO,Indoco Remedies Limited,EQUITY,
INDORAMA,Indo Rama Synthetics (India) Limited,EQUITY,
INDOSTAR,IndoStar Capital Finance Limited,EQUITY,
INDOTECH,Indo Tech Transformers Limited,EQUITY,
INDOTHAI,Indo Thai Securities Limited,EQUITY,
INDOWIND,Indowind Energy Limited,EQUITY,
INDRAMEDCO,Indraprastha Medical Corporation Limited,EQUITY,
INDSWFTLAB,Ind-Swift Laboratories Limited,EQUITY,
INDSWFTLTD,Ind-Swift Limited,EQUITY,
INDTERRAIN,Indian Terrain Fashions Limited,EQUITY,
INDUSINDBK,IndusInd Bank Limited,EQUITY,
INDUSTOWER,Indus Towers Limited,EQUITY,
INFIBEAM,Infibeam Avenues Limited,EQUITY,
INFOBEAN,InfoBeans Technologies Limited,EQUITY,
INFOMEDIA,Infomedia Press Limited,EQUITY,
INFY,Infosys Limited,EQUITY,
INGERRAND,Ingersoll Rand (India) Limited,EQUITY,
INOXGREEN,Inox Green Energy Services Limited,EQUITY,
INOXWIND,Inox Wind Limited,EQUITY,
INSECTICID,Insecticides (India) Limited,EQUITY,
INSPIRISYS,Inspirisys Solutions Limited,EQUITY,
INTELLECT,Intellect Design Arena Limited,EQUITY,
INTENTECH,Intense Technologies Limited,EQUITY,
INTLCONV,International Conveyors Limited,EQUITY,
INVENTURE,Inventure Growth & Securities Limited,EQUITY,
IOB,Indian Overseas Bank,EQUITY,
IOC,Indian Oil Corporation Limited,EQUITY,
IOLCP,IOL Chemicals and Pharmaceuticals Limited,EQUITY,
IONEXCHANG,ION Exchange (India) Limited,EQUITY,
IPCALAB,IPCA Laboratories Limited,EQUITY,
IPL,India Pesticides Limited,EQUITY,
IRB,IRB Infrastructure Developers Limited,EQUITY,
IRCON,Ircon International Limited,EQUITY,
IRCTC,Indian Railway Catering And Tourism Corporation Limited,EQUITY,
IRFC,Indian Railway Finance Corporation Limited,EQUITY,
IRIS,Iris Business Services Limited,EQUITY,
IRISDOREME,Iris Clothings Limited,EQUITY,
ISEC,ICICI Securities Limited,EQUITY,
ISFT,Intrasoft Technologies Limited,EQUITY,
ISGEC,Isgec Heavy Engineering Limited,EQUITY,
ISMTLTD,ISMT Limited,EQUITY,
ITC,ITC Limited,EQUITY,
ITDC,India Tourism Development Corporation Limited,EQUITY,
ITDCEM,ITD Cementation India Limited,EQUITY,
ITI,ITI Limited,EQUITY,
IVC,IL&FS Investment Managers Limited,EQUITY,
IVP,IVP Limited,EQUITY,
IWEL,Inox Wind Energy Limited,EQUITY,
IZMO,IZMO Limited,EQUITY,
J&KBANK,The Jammu & Kashmir Bank Limited,EQUITY,
JAGRAN,Jagran Prakashan Limited,EQUITY,
JAGSNPHARM,Jagsonpal Pharmaceuticals Limited,EQUITY,
JAIBALAJI,Jai Balaji Industries Limited,EQUITY,
JAICORPLTD,Jai Corp Limited,EQUITY,
JAIPURKURT,Nandani Creation Limited,EQUITY,
JAMNAAUTO,Jamna Auto Industries Limited,EQUITY,
JASH,Jash Engineering Limited,EQUITY,
JAYAGROGN,Jayant Agro Organics Limited,EQUITY,
JAYBARMARU,Jay Bharat Maruti Limited,EQUITY,
JAYNECOIND,Jayaswal Neco Industries Limited,EQUITY,
JAYSREETEA,Jayshree Tea & Industries Limited,EQUITY,
JBCHEPHARM,JB Chemicals & Pharmaceuticals Limited,EQUITY,
JBMA,JBM Auto Limited,EQUITY,
JCHAC,Johnson Controls - Hitachi Air Conditioning India Limited,EQUITY,
JETAIRWAYS,Jet Airways (India) Limited,EQUITY,
JETFREIGHT,Jet Freight Logistics Limited,EQUITY,
JHS,JHS Svendgaard Laboratories Limited,EQUITY,
JINDALPHOT,Jindal Photo Limited,EQUITY,
JINDALPOLY,Jindal Poly Films Limited,EQUITY,
JINDALSAW,Jindal Saw Limited,EQUITY,
JINDALSTEL,Jindal Steel & Power Limited,EQUITY,
JINDRILL,Jindal Drilling And Industries Limited,EQUITY,
JINDWORLD,Jindal Worldwide Limited,EQUITY,
JIOFIN,Jio Financial Services Limited,EQUITY,
JISLDVREQS,Jain Irrigation Systems Limited,EQUITY,
JISLJALEQS,Jain Irrigation Systems Limited,EQUITY,
JITFINFRA,JITF Infralogistics Limited,EQUITY,
JKCEMENT,JK Cement Limited,EQUITY,
JKIL,J.Kumar Infraprojects Limited,EQUITY,
JKLAKSHMI,JK Lakshmi Cement Limited,EQUITY,
JKPAPER,JK Paper Limited,EQUITY,
JKTYRE,JK Tyre & Industries Limited,EQUITY,
JLHL,Jupiter Life Line Hospitals Limited,EQUITY,
JMA,Jullundur Motor Agency (Delhi) Limited,EQUITY,
JMFINANCIL,JM Financial Limited,EQUITY,
JOCIL,Jocil Limited,EQUITY,
JPASSOCIAT,Jaiprakash Associates Limited,EQUITY,
JPOLYINVST,Jindal Poly Investment and Finance Company Limited,EQUITY,
JPPOWER,Jaiprakash Power Ventures Limited,EQUITY,
JSL,Jindal Stainless Limited,EQUITY,
JSWENERGY,JSW Energy Limited,EQUITY,
JSWHL,JSW Holdings Limited,EQUITY,
JSWINFRA,JSW Infrastructure Limited,EQUITY,
JSWSTEEL,JSW Steel Limited,EQUITY,
JTEKTINDIA,Jtekt India Limited,EQUITY,
JTLIND,JTL INDUSTRIES LIMITED,EQUITY,
JUBLFOOD,Jubilant Foodworks Limited,EQUITY,
JUBLINDS,Jubilant Industries Limited,EQUITY,
JUBLINGREA,Jubilant Ingrevia Limited,EQUITY,
JUBLPHARMA,Jubilant Pharmova Limited,EQUITY,
JUSTDIAL,Just Dial Limited,EQUITY,
JWL,Jupiter Wagons Limited,EQUITY,
JYOTHYLAB,Jyothy Labs Limited,EQUITY,
JYOTISTRUC,Jyoti Structures Limited,EQUITY,
KABRAEXTRU,Kabra Extrusion Technik Limited,EQUITY,
KAJARIACER,Kajaria Ceramics Limited,EQUITY,
KAKATCEM,Kakatiya Cement Sugar & Industries Limited,EQUITY,
KALAMANDIR,Sai Silks (Kalamandir) Limited,EQUITY,
KALYANI,Kalyani Commercials Limited,EQUITY,
KALYANIFRG,Kalyani Forge Limited,EQUITY,
KALYANKJIL,Kalyan Jewellers India Limited,EQUITY,
KAMATHOTEL,Kamat Hotels (I) Limited,EQUITY,
KAMDHENU,Kamdhenu Limited,EQUITY,
KAMOPAINTS,Kamdhenu Ventures Limited,EQUITY,
KANANIIND,Kanani Industries Limited,EQUITY,
KANORICHEM,Kanoria Chemicals & Industries Limited,EQUITY,
KANPRPLA,Kanpur Plastipack Limited,EQUITY,
KANSAINER,Kansai Nerolac Paints Limited,EQUITY,
KAPSTON,Kapston Services Limited,EQUITY,
KARMAENG,Karma Energy Limited,EQUITY,
KARURVYSYA,Karur Vysya Bank Limited,EQUITY,
KAUSHALYA,Kaushalya Infrastructure Development Corporation Limited,EQUITY,
KAVVERITEL,Kavveri Telecom Products Limited,EQUITY,
KAYA,Kaya Limited,EQUITY,
KAYNES,Kaynes Technology India Limited,EQUITY,
KBCGLOBAL,KBC Global Limited,EQUITY,
KCP,KCP Limited,EQUITY,
KCPSUGIND,KCP Sugar and Industries Corporation Limited,EQUITY,
KDDL,KDDL Limited,EQUITY,
KEC,KEC International Limited,EQUITY,
KECL,Kirloskar Electric Company Limited,EQUITY,
KEEPLEARN,DSJ Keep Learning Limited,EQUITY,
KEI,KEI Industries Limited,EQUITY,
KELLTONTEC,Kellton Tech Solutions Limited,EQUITY,
KENNAMET,Kennametal India Limited,EQUITY,
KERNEX,Kernex Microsystems (India) Limited,EQUITY,
KESORAMIND,Kesoram Industries Limited,EQUITY,
KEYFINSERV,Keynote Financial Services Limited,EQUITY,
KFINTECH,Kfin Technologies Limited,EQUITY,
KHADIM,Khadim India Limited,EQUITY,
KHAICHEM,Khaitan Chemicals & Fertilizers Limited,EQUITY,
KHAITANLTD,Khaitan (India) Limited,EQUITY,
KHANDSE,Khandwala Securities Limited,EQUITY,
KICL,Kalyani Investment Company Limited,EQUITY,
KILITCH,Kilitch Drugs (India) Limited,EQUITY,
KIMS,Krishna Institute of Medical Sciences Limited,EQUITY,
KINGFA,Kingfa Science & Technology (India) Limited,EQUITY,
KIOCL,KIOCL Limited,EQUITY,
KIRIINDUS,Kiri Industries Limited,EQUITY,
KIRLFER,Kirloskar Ferrous Industries Ltd,EQUITY,
KIRLOSBROS,Kirloskar Brothers Limited,EQUITY,
KIRLOSENG,Kirloskar Oil Engines Limited,EQUITY,
KIRLOSIND,Kirloskar Industries Limited,EQUITY,
KIRLPNU,Kirloskar Pneumatic Company Limited,EQUITY,
KITEX,Kitex Garments Limited,EQUITY,
KKCL,Kewal Kiran Clothing Limited,EQUITY,
KMSUGAR,K.M.Sugar Mills Limited,EQUITY,
KNRCON,KNR Constructions Limited,EQUITY,
KOHINOOR,Kohinoor Foods Limited,EQUITY,
KOKUYOCMLN,Kokuyo Camlin Limited,EQUITY,
KOLTEPATIL,Kolte - Patil Developers Limited,EQUITY,
KOPRAN,Kopran Limited,EQUITY,
KOTAKBANK,Kotak Mahindra Bank Limited,EQUITY,
KOTARISUG,Kothari Sugars And Chemicals Limited,EQUITY,
KOTHARIPET,Kothari Petrochemicals Limited,EQUITY,
KOTHARIPRO,Kothari Products Limited,EQUITY,
KOVAI,Kovai Medical Center and Hospital Limited,EQUITY,
KPIGREEN,KPI Green Energy Limited,EQUITY,
KPIL,Kalpataru Projects International Limited,EQUITY,
KPITTECH,KPIT Technologies Limited,EQUITY,
KPRMILL,K.P.R. Mill Limited,EQUITY,
KRBL,KRBL Limited,EQUITY,
KREBSBIO,Krebs Biochemicals and Industries Limited,EQUITY,
KRIDHANINF,Kridhan Infra Limited,EQUITY,
KRISHANA,Krishana Phoschem Limited,EQUITY,
KRITI,Kriti Industries (India) Limited,EQUITY,
KRITIKA,Kritika Wires Limited,EQUITY,
KRITINUT,Kriti Nutrients Limited,EQUITY,
KRSNAA,Krsnaa Diagnostics Limited,EQUITY,
KSB,Ksb Limited,EQUITY,
KSCL,Kaveri Seed Company Limited,EQUITY,
KSHITIJPOL,Kshitij Polyline Limited,EQUITY,
KSL,Kalyani Steels Limited,EQUITY,
KSOLVES,Ksolves India Limited,EQUITY,
KTKBANK,The Karnataka Bank Limited,EQUITY,
KUANTUM,Kuantum Papers Limited,EQUITY,
L&TFH,L&T Finance Holdings Limited,EQUITY,
LAGNAM,Lagnam Spintex Limited,EQUITY,
LAKPRE,Lakshmi Precision Screws Limited,EQUITY,
LAL,Lorenzini Apparels Limited,EQUITY,
LALPATHLAB,Dr. Lal Path Labs Ltd.,EQUITY,
LAMBODHARA,Lambodhara Textiles Limited,EQUITY,
LANDMARK,Landmark Cars Limited,EQUITY,
LAOPALA,La Opala RG Limited,EQUITY,
LASA,Lasa Supergenerics Limited,EQUITY,
LATENTVIEW,Latent View Analytics Limited,EQUITY,
LATTEYS,Latteys Industries Limited,EQUITY,
LAURUSLABS,Laurus Labs Limited,EQUITY,
LAXMICOT,Laxmi Cotspin Limited,EQUITY,
LAXMIMACH,Lakshmi Machine Works Limited,EQUITY,
LCCINFOTEC,LCC Infotech Limited,EQUITY,
LEMONTREE,Lemon Tree Hotels Limited,EQUITY,
LEXUS,Lexus Granito (India) Limited,EQUITY,
LFIC,Lakshmi Finance & Industrial Corporation Limited,EQUITY,
LGBBROSLTD,LG Balakrishnan & Bros Limited,EQUITY,
LGBFORGE,LGB Forge Limited,EQUITY,
LIBAS,Libas Consumer Products Limited,EQUITY,
LIBERTSHOE,Liberty Shoes Limited,EQUITY,
LICHSGFIN,LIC Housing Finance Limited,EQUITY,
LICI,Life Insurance Corporation Of India,EQUITY,
LIKHITHA,Likhitha Infrastructure Limited,EQUITY,
LINC,Linc Limited,EQUITY,
LINCOLN,Lincoln Pharmaceuticals Limited,EQUITY,
LINDEINDIA,Linde India Limited,EQUITY,
LLOYDSENGG,LLOYDS ENGINEERING WORKS LIMITED,EQUITY,
LLOYDSME,Lloyds Metals And Energy Limited,EQUITY,
LODHA,Macrotech Developers Limited,EQUITY,
LOKESHMACH,Lokesh Machines Limited,EQUITY,
LORDSCHLO,Lords Chloro Alkali Limited,EQUITY,
LOTUSEYE,Lotus Eye Hospital and Institute Limited,EQUITY,
LOVABLE,Lovable Lingerie Limited,EQUITY,
LOYALTEX,Loyal Textile Mills Limited,EQUITY,
LPDC,Landmark Property Development Company Limited,EQUITY,
LT,Larsen & Toubro Limited,EQUITY,
LTIM,LTIMindtree Limited,EQUITY,
LTTS,L&T Technology Services Limited,EQUITY,
LUMAXIND,Lumax Industries Limited,EQUITY,
LUMAXTECH,Lumax Auto Technologies Limited,EQUITY,
LUPIN,Lupin Limited,EQUITY,
LUXIND,Lux Industries Limited,EQUITY,
LXCHEM,Laxmi Organic Industries Limited,EQUITY,
LYKALABS,Lyka Labs Limited,EQUITY,
LYPSAGEMS,Lypsa Gems & Jewellery Limited,EQUITY,
M&M,Mahindra & Mahindra Limited,EQUITY,
M&MFIN,Mahindra & Mahindra Financial Services Limited,EQUITY,
MAANALU,Maan Aluminium Limited,EQUITY,
MACPOWER,Macpower CNC Machines Limited,EQUITY,
MADHAV,Madhav Marbles and Granites Limited,EQUITY,
MADHUCON,Madhucon Projects Limited,EQUITY,
MADRASFERT,Madras Fertilizers Limited,EQUITY,
MAGADSUGAR,Magadh Sugar & Energy Limited,EQUITY,
MAGNUM,Magnum Ventures Limited,EQUITY,
MAHABANK,Bank of Maharashtra,EQUITY,
MAHAPEXLTD,Maha Rashtra Apex Corporation Limited,EQUITY,
MAHASTEEL,Mahamaya Steel Industries Limited,EQUITY,
MAHEPC,Mahindra EPC Irrigation Limited,EQUITY,
MAHESHWARI,Maheshwari Logistics Limited,EQUITY,
MAHLIFE,Mahindra Lifespace Developers Limited,EQUITY,
MAHLOG,Mahindra Logistics Limited,EQUITY,
MAHSCOOTER,Maharashtra Scooters Limited,EQUITY,
MAHSEAMLES,Maharashtra Seamless Limited,EQUITY,
MAITHANALL,Maithan Alloys Limited,EQUITY,
MALLCOM,Mallcom (India) Limited,EQUITY,
MALUPAPER,Malu Paper Mills Limited,EQUITY,
MANAKALUCO,Manaksia Aluminium Company Limited,EQUITY,
MANAKCOAT,Manaksia Coated Metals & Industries Limited,EQUITY,
MANAKSIA,Manaksia Limited,EQUITY,
MANAKSTEEL,Manaksia Steels Limited,EQUITY,
MANALIPETC,Manali Petrochemicals Limited,EQUITY,
MANAPPURAM,Manappuram Finance Limited,EQUITY,
MANGALAM,Mangalam Drugs And Organics Limited,EQUITY,
MANGCHEFER,Mangalore Chemicals & Fertilizers Limited,EQUITY,
MANGLMCEM,Mangalam Cement Limited,EQUITY,
MANINDS,Man Industries (India) Limited,EQUITY,
MANINFRA,Man Infraconstruction Limited,EQUITY,
MANKIND,Mankind Pharma Limited,EQUITY,
MANOMAY,Manomay Tex India Limited,EQUITY,
MANORAMA,Manorama Industries Limited,EQUITY,
MANORG,Mangalam Organics Limited,EQUITY,
MANUGRAPH,Manugraph India Limited,EQUITY,
MANYAVAR,Vedant Fashions Limited,EQUITY,
MAPMYINDIA,C.E. Info Systems Limited,EQUITY,
MARALOVER,Maral Overseas Limited,EQUITY,
MARATHON,Marathon Nextgen Realty Limited,EQUITY,
MARICO,Marico Limited,EQUITY,
MARINE,Marine Electricals (India) Limited,EQUITY,
MARKSANS,Marksans Pharma Limited,EQUITY,
MARSHALL,Marshall Machines Limited,EQUITY,
MARUTI,Maruti Suzuki India Limited,EQUITY,
MASFIN,MAS Financial Services Limited,EQUITY,
MASKINVEST,Mask Investments Limited,EQUITY,
MASTEK,Mastek Limited,EQUITY,
MATRIMONY,Matrimony.Com Limited,EQUITY,
MAWANASUG,Mawana Sugars Limited,EQUITY,
MAXHEALTH,Max Healthcare Institute Limited,EQUITY,
MAXIND,Max India Limited,EQUITY,
MAYURUNIQ,Mayur Uniquoters Ltd,EQUITY,
MAZDA,Mazda Limited,EQUITY,
MAZDOCK,Mazagon Dock Shipbuilders Limited,EQUITY,
MBAPL,Madhya Bharat Agro Products Limited,EQUITY,
MBECL,Mcnally Bharat Engineering Company Limited,EQUITY,
MBLINFRA,MBL Infrastructure Limited,EQUITY,
MCDOWELL-N,United Spirits Limited,EQUITY,
MCL,Madhav Copper Limited,EQUITY,
MCLEODRUSS,Mcleod Russel India Limited,EQUITY,
MCX,Multi Commodity Exchange of India Limited,EQUITY,
MEDANTA,Global Health Limited,EQUITY,
MEDICAMEQ,Medicamen Biotech Limited,EQUITY,
MEDICO,Medico Remedies Limited,EQUITY,
MEDPLUS,Medplus Health Services Limited,EQUITY,
MEGASOFT,Megasoft Limited,EQUITY,
MEGASTAR,Megastar Foods Limited,EQUITY,
MELSTAR,Melstar Information Technologies Limited,EQUITY,
MENONBE,Menon Bearings Limited,EQUITY,
MEP,MEP Infrastructure Developers Limited,EQUITY,
METALFORGE,Metalyst Forgings Limited,EQUITY,
METROBRAND,Metro Brands Limited,EQUITY,
METROPOLIS,Metropolis Healthcare Limited,EQUITY,
MFSL,Max Financial Services Limited,EQUITY,
MGEL,Mangalam Global Enterprise Limited,EQUITY,
MGL,Mahanagar Gas Limited,EQUITY,
MHLXMIRU,Mahalaxmi Rubtech Limited,EQUITY,
MHRIL,Mahindra Holidays & Resorts India Limited,EQUITY,
MICEL,MIC Electronics Limited,EQUITY,
MIDHANI,Mishra Dhatu Nigam Limited,EQUITY,
MINDACORP,Minda Corporation Limited,EQUITY,
MINDTECK,Mindteck (India) Limited,EQUITY,
MIRCELECTR,MIRC Electronics Limited,EQUITY,
MIRZAINT,Mirza International Limited,EQUITY,
MITCON,MITCON Consultancy & Engineering Services Limited,EQUITY,
MITTAL,Mittal Life Style Limited,EQUITY,
MKPL,M K Proteins Limited,EQUITY,
MMFL,MM Forgings Limited,EQUITY,
MMP,MMP Industries Limited,EQUITY,
MMTC,MMTC Limited,EQUITY,
MODIRUBBER,Modi Rubber Limited,EQUITY,
MODISONLTD,MODISON LIMITED,EQUITY,
MOHITIND,Mohit Industries Limited,EQUITY,
MOIL,MOIL Limited,EQUITY,
MOKSH,Moksh Ornaments Limited,EQUITY,
MOL,Meghmani Organics Limited,EQUITY,
MOLDTECH,Mold-Tek Technologies Limited,EQUITY,
MOLDTKPAC,Mold-Tek Packaging Limited,EQUITY,
MONARCH,Monarch Networth Capital Limited,EQUITY,
MONTECARLO,Monte Carlo Fashions Limited,EQUITY,
MORARJEE,Morarjee Textiles Limited,EQUITY,
MOREPENLAB,Morepen Laboratories Limited,EQUITY,
MOTHERSON,Samvardhana Motherson International Limited,EQUITY,
MOTILALOFS,Motilal Oswal Financial Services Limited,EQUITY,
MOTOGENFIN,The Motor & General Finance Limited,EQUITY,
MPHASIS,MphasiS Limited,EQUITY,
MPSLTD,MPS Limited,EQUITY,
MRF,MRF Limited,EQUITY,
MRO-TEK,MRO-TEK Realty Limited,EQUITY,
MRPL,Mangalore Refinery and Petrochemicals Limited,EQUITY,
MSPL,MSP Steel & Power Limited,EQUITY,
MSTCLTD,Mstc Limited,EQUITY,
MSUMI,Motherson Sumi Wiring India Limited,EQUITY,
MTARTECH,Mtar Technologies Limited,EQUITY,
MTEDUCARE,MT Educare Limited,EQUITY,
MTNL,Mahanagar Telephone Nigam Limited,EQUITY,
MUKANDLTD,Mukand Limited,EQUITY,
MUKTAARTS,Mukta Arts Limited,EQUITY,
MUNJALAU,Munjal Auto Industries Limited,EQUITY,
MUNJALSHOW,Munjal Showa Limited,EQUITY,
MURUDCERA,Murudeshwar Ceramics Limited,EQUITY,
MUTHOOTCAP,Muthoot Capital Services Limited,EQUITY,
MUTHOOTFIN,Muthoot Finance Limited,EQUITY,
MVGJL,Manoj Vaibhav Gems N Jewellers Limited,EQUITY,
NACLIND,NACL Industries Limited,EQUITY,
NAGAFERT,Nagarjuna Fertilizers and Chemicals Limited,EQUITY,
NAGREEKCAP,Nagreeka Capital & Infrastructure Limited,EQUITY,
NAGREEKEXP,Nagreeka Exports Limited,EQUITY,
NAHARCAP,Nahar Capital and Financial Services Limited,EQUITY,
NAHARINDUS,Nahar Industrial Enterprises Limited,EQUITY,
NAHARPOLY,Nahar Poly Films Limited,EQUITY,
NAHARSPING,Nahar Spinning Mills Limited,EQUITY,
NAM-INDIA,Nippon Life India Asset Management Limited,EQUITY,
NARMADA,Narmada Agrobase Limited,EQUITY,
NATCOPHARM,Natco Pharma Limited,EQUITY,
NATHBIOGEN,Nath Bio-Genes (India) Limited,EQUITY,
NATIONALUM,National Aluminium Company Limited,EQUITY,
NAUKRI,Info Edge (India) Limited,EQUITY,
NAVA,NAVA LIMITED,EQUITY,
NAVINFLUOR,Navin Fluorine International Limited,EQUITY,
NAVKARCORP,Navkar Corporation Limited,EQUITY,
NAVNETEDUL,Navneet Education Limited,EQUITY,
NAZARA,Nazara Technologies Limited,EQUITY,
NBCC,NBCC (India) Limited,EQUITY,
NBIFIN,N. B. I. Industrial Finance Company Limited,EQUITY,
NCC,NCC Limited,EQUITY,
NCLIND,NCL Industries Limited,EQUITY,
NDGL,Naga Dhunseri Group Limited,EQUITY,
NDL,Nandan Denim Limited,EQUITY,
NDLVENTURE,NDL Ventures Limited,EQUITY,
NDRAUTO,Ndr Auto Components Limited,EQUITY,
NDTV,New Delhi Television Limited,EQUITY,
NECCLTD,North Eastern Carrying Corporation Limited,EQUITY,
NECLIFE,Nectar Lifesciences Limited,EQUITY,
NELCAST,Nelcast Limited,EQUITY,
NELCO,NELCO Limited,EQUITY,
NEOGEN,Neogen Chemicals Limited,EQUITY,
NESCO,Nesco Limited,EQUITY,
NESTLEIND,Nestle India Limited,EQUITY,
NETWEB,Netweb Technologies India Limited,EQUITY,
NETWORK18,Network18 Media & Investments Limited,EQUITY,
NEULANDLAB,Neuland Laboratories Limited,EQUITY,
NEWGEN,Newgen Software Technologies Limited,EQUITY,
NEXTMEDIA,Next Mediaworks Limited,EQUITY,
NFL,National Fertilizers Limited,EQUITY,
NGIL,Nakoda Group of Industries Limited,EQUITY,
NGLFINE,NGL Fine-Chem Limited,EQUITY,
NH,Narayana Hrudayalaya Ltd.,EQUITY,
NHPC,NHPC Limited,EQUITY,
NIACL,The New India Assurance Company Limited,EQUITY,
NIBL,NRB Industrial Bearings Limited,EQUITY,
NIITLTD,NIIT Limited,EQUITY,
NIITMTS,NIIT Learning Systems Limited,EQUITY,
NILAINFRA,Nila Infrastructures Limited,EQUITY,
NILASPACES,Nila Spaces Limited,EQUITY,
NILKAMAL,Nilkamal Limited,EQUITY,
NINSYS,NINtec Systems Limited,EQUITY,
NIPPOBATRY,Indo-National Limited,EQUITY,
NIRAJ,Niraj Cement Structurals Limited,EQUITY,
NIRAJISPAT,Niraj Ispat Industries Limited,EQUITY,
NITCO,Nitco Limited,EQUITY,
NITINSPIN,Nitin Spinners Limited,EQUITY,
NITIRAJ,Nitiraj Engineers Limited,EQUITY,
NKIND,NK Industries Limited,EQUITY,
NLCINDIA,NLC India Limited,EQUITY,
NMDC,NMDC Limited,EQUITY,
NOCIL,NOCIL Limited,EQUITY,
NOIDATOLL,Noida Toll Bridge Company Limited,EQUITY,
NORBTEAEXP,Norben Tea & Exports Limited,EQUITY,
NOVARTIND,Novartis India Limited,EQUITY,
NRAIL,N R Agarwal Industries Limited,EQUITY,
NRBBEARING,NRB Bearing Limited,EQUITY,
NRL,Nupur Recyclers Limited,EQUITY,
NSIL,Nalwa Sons Investments Limited,EQUITY,
NSLNISP,NMDC Steel Limited,EQUITY,
NTPC,NTPC Limited,EQUITY,
NUCLEUS,Nucleus Software Exports Limited,EQUITY,
NURECA,Nureca Limited,EQUITY,
NUVAMA,Nuvama Wealth Management Limited,EQUITY,
NUVOCO,Nuvoco Vistas Corporation Limited,EQUITY,
NYKAA,FSN E-Commerce Ventures Limited,EQUITY,
OAL,Oriental Aromatics Limited,EQUITY,
OBCL,Orissa Bengal Carrier Limited,EQUITY,
OBEROIRLTY,Oberoi Realty Limited,EQUITY,
OCCL,Oriental Carbon & Chemicals Limited,EQUITY,
OFSS,Oracle Financial Services Software Limited,EQUITY,
OIL,Oil India Limited,EQUITY,
OILCOUNTUB,Oil Country Tubular Limited,EQUITY,
OLECTRA,Olectra Greentech Limited,EQUITY,
OMAXAUTO,Omax Autos Limited,EQUITY,
OMAXE,Omaxe Limited,EQUITY,
OMINFRAL,OM INFRA LIMITED,EQUITY,
OMKARCHEM,Omkar Speciality Chemicals Limited,EQUITY,
ONELIFECAP,Onelife Capital Advisors Limited,EQUITY,
ONEPOINT,One Point One Solutions Limited,EQUITY,
ONGC,Oil & Natural Gas Corporation Limited,EQUITY,
ONMOBILE,OnMobile Global Limited,EQUITY,
ONWARDTEC,Onward Technologies Limited,EQUITY,
OPTIEMUS,Optiemus Infracom Limited,EQUITY,
ORBTEXP,Orbit Exports Limited,EQUITY,
ORCHPHARMA,Orchid Pharma Limited,EQUITY,
ORICONENT,Oricon Enterprises Limited,EQUITY,
ORIENTALTL,Oriental Trimex Limited,EQUITY,
ORIENTBELL,Orient Bell Limited,EQUITY,
ORIENTCEM,Orient Cement Limited,EQUITY,
ORIENTCER,ORIENT CERATECH LIMITED,EQUITY,
ORIENTELEC,Orient Electric Limited,EQUITY,
ORIENTHOT,Oriental Hotels Limited,EQUITY,
ORIENTLTD,Orient Press Limited,EQUITY,
ORIENTPPR,Orient Paper & Industries Limited,EQUITY,
ORISSAMINE,The Orissa Minerals Development Company Limited,EQUITY,
ORTEL,Ortel Communications Limited,EQUITY,
ORTINLAB,Ortin Laboratories Limited,EQUITY,
OSIAHYPER,Osia Hyper Retail Limited,EQUITY,
OSWALAGRO,Oswal Agro Mills Limited,EQUITY,
OSWALGREEN,Oswal Greentech Limited,EQUITY,
OSWALSEEDS,ShreeOswal Seeds And Chemicals Limited,EQUITY,
PAGEIND,Page Industries Limited,EQUITY,
PAISALO,Paisalo Digital Limited,EQUITY,
PAKKA,PAKKA LIMITED,EQUITY,
PALASHSECU,Palash Securities Limited,EQUITY,
PALREDTEC,Palred Technologies Limited,EQUITY,
PANACEABIO,Panacea Biotec Limited,EQUITY,
PANACHE,Panache Digilife Limited,EQUITY,
PANAMAPET,Panama Petrochem Limited,EQUITY,
PANSARI,Pansari Developers Limited,EQUITY,
PAR,Par Drugs And Chemicals Limited,EQUITY,
PARACABLES,Paramount Communications Limited,EQUITY,
PARADEEP,Paradeep Phosphates Limited,EQUITY,
PARAGMILK,Parag Milk Foods Limited,EQUITY,
PARAS,Paras Defence and Space Technologies Limited,EQUITY,
PARASPETRO,Paras Petrofils Limited,EQUITY,
PARSVNATH,Parsvnath Developers Limited,EQUITY,
PASUPTAC,Pasupati Acrylon Limited,EQUITY,
PATANJALI,Patanjali Foods Limited,EQUITY,
PATELENG,Patel Engineering Limited,EQUITY,
PATINTLOG,Patel Integrated Logistics Limited,EQUITY,
PAVNAIND,Pavna Industries Limited,EQUITY,
PAYTM,One 97 Communications Limited,EQUITY,
PCBL,PCBL LIMITED,EQUITY,
PCJEWELLER,PC Jeweller Limited,EQUITY,
PDMJEPAPER,Pudumjee Paper Products Limited,EQUITY,
PDSL,PDS Limited,EQUITY,
PEARLPOLY,Pearl Polymers Limited,EQUITY,
PEL,Piramal Enterprises Limited,EQUITY,
PENIND,Pennar Industries Limited,EQUITY,
PENINLAND,Peninsula Land Limited,EQUITY,
PERSISTENT,Persistent Systems Limited,EQUITY,
PETRONET,Petronet LNG Limited,EQUITY,
PFC,Power Finance Corporation Limited,EQUITY,
PFIZER,Pfizer Limited,EQUITY,
PFOCUS,Prime Focus Limited,EQUITY,
PFS,PTC India Financial Services Limited,EQUITY,
PGEL,PG Electroplast Limited,EQUITY,
PGHH,Procter & Gamble Hygiene and Health Care Limited,EQUITY,
PGHL,Procter & Gamble Health Limited,EQUITY,
PGIL,Pearl Global Industries Limited,EQUITY,
PHOENIXLTD,The Phoenix Mills Limited,EQUITY,
PIDILITIND,Pidilite Industries Limited,EQUITY,
PIGL,Power & Instrumentation (Gujarat) Limited,EQUITY,
PIIND,PI Industries Limited,EQUITY,
PILANIINVS,Pilani Investment and Industries Corporation Limited,EQUITY,
PILITA,PIL ITALICA LIFESTYLE LIMITED,EQUITY,
PIONEEREMB,Pioneer Embroideries Limited,EQUITY,
PITTIENG,Pitti Engineering Limited,EQUITY,
PIXTRANS,Pix Transmissions Limited,EQUITY,
PKTEA,The Peria Karamalai Tea & Produce Company Limited,EQUITY,
PLASTIBLEN,Plastiblends India Limited,EQUITY,
PLAZACABLE,Plaza Wires Limited,EQUITY,
PNB,Punjab National Bank,EQUITY,
PNBGILTS,PNB Gilts Limited,EQUITY,
PNBHOUSING,PNB Housing Finance Limited,EQUITY,
PNC,Pritish Nandy Communications Limited,EQUITY,
PNCINFRA,PNC Infratech Limited,EQUITY,
POCL,Pondy Oxides & Chemicals Limited,EQUITY,
PODDARHOUS,Poddar Housing and Development Limited,EQUITY,
PODDARMENT,Poddar Pigments Limited,EQUITY,
POKARNA,Pokarna Limited,EQUITY,
POLICYBZR,PB Fintech Limited,EQUITY,
POLYCAB,Polycab India Limited,EQUITY,
POLYMED,Poly Medicure Limited,EQUITY,
POLYPLEX,Polyplex Corporation Limited,EQUITY,
PONNIERODE,Ponni Sugars (Erode) Limited,EQUITY,
POONAWALLA,Poonawalla Fincorp Limited,EQUITY,
POWERGRID,Power Grid Corporation of India Limited,EQUITY,
POWERINDIA,Hitachi Energy India Limited,EQUITY,
POWERMECH,Power Mech Projects Limited,EQUITY,
PPAP,PPAP Automotive Limited,EQUITY,
PPL,Prakash Pipes Limited,EQUITY,
PPLPHARMA,Piramal Pharma Limited,EQUITY,
PRAENG,Prajay Engineers Syndicate Limited,EQUITY,
PRAJIND,Praj Industries Limited,EQUITY,
PRAKASH,Prakash Industries Limited,EQUITY,
PRAKASHSTL,Prakash Steelage Limited,EQUITY,
PRAXIS,Praxis Home Retail Limited,EQUITY,
PRECAM,Precision Camshafts Limited,EQUITY,
PRECOT,Precot Limited,EQUITY,
PRECWIRE,Precision Wires India Limited,EQUITY,
PREMEXPLN,Premier Explosives Limited,EQUITY,
PREMIERPOL,Premier Polyfilm Limited,EQUITY,
PRESTIGE,Prestige Estates Projects Limited,EQUITY,
PRICOLLTD,Pricol Limited,EQUITY,
PRIMESECU,Prime Securities Limited,EQUITY,
PRINCEPIPE,Prince Pipes And Fittings Limited,EQUITY,
PRITI,Priti International Limited,EQUITY,
PRITIKAUTO,Pritika Auto Industries Limited,EQUITY,
PRIVISCL,Privi Speciality Chemicals Limited,EQUITY,
PROZONER,Prozone Realty Limited,EQUITY,
PRSMJOHNSN,Prism Johnson Limited,EQUITY,
PRUDENT,Prudent Corporate Advisory Services Limited,EQUITY,
PSB,Punjab & Sind Bank,EQUITY,
PSPPROJECT,PSP Projects Limited,EQUITY,
PTC,PTC India Limited,EQUITY,
PTCIL,PTC Industries Limited,EQUITY,
PTL,PTL Enterprises Limited,EQUITY,
PUNJABCHEM,Punjab Chemicals & Crop Protection Limited,EQUITY,
PURVA,Puravankara Limited,EQUITY,
PVP,PVP Ventures Limited,EQUITY,
PVRINOX,PVR INOX Limited,EQUITY,
PYRAMID,Pyramid Technoplast Limited,EQUITY,
QUESS,Quess Corp Limited,EQUITY,
QUICKHEAL,Quick Heal Technologies Limited,EQUITY,
QUINTEGRA,Quintegra Solutions Limited,EQUITY,
RACE,Race Eco Chain Limited,EQUITY,
RADAAN,Radaan Mediaworks India Limited,EQUITY,
RADHIKAJWE,Radhika Jeweltech Limited,EQUITY,
RADIANTCMS,Radiant Cash Management Services Limited,EQUITY,
RADICO,Radico Khaitan Limited,EQUITY,
RADIOCITY,Music Broadcast Limited,EQUITY,
RAILTEL,Railtel Corporation Of India Limited,EQUITY,
RAIN,Rain Industries Limited,EQUITY,
RAINBOW,Rainbow Childrens Medicare Limited,EQUITY,
RAJESHEXPO,Rajesh Exports Limited,EQUITY,
RAJMET,Rajnandini Metal Limited,EQUITY,
RAJRATAN,Rajratan Global Wire Limited,EQUITY,
RAJRILTD,Raj Rayon Industries Limited,EQUITY,
RAJSREESUG,Rajshree Sugars & Chemicals Limited,EQUITY,
RAJTV,Raj Television Network Limited,EQUITY,
RAJVIR,Rajvir Industries Limited,EQUITY,
RALLIS,Rallis India Limited,EQUITY,
RAMANEWS,Shree Rama Newsprint Limited,EQUITY,
RAMAPHO,Rama Phosphates Limited,EQUITY,
RAMASTEEL,Rama Steel Tubes Limited,EQUITY,
RAMCOCEM,The Ramco Cements Limited,EQUITY,
RAMCOIND,Ramco Industries Limited,EQUITY,
RAMCOSYS,Ramco Systems Limited,EQUITY,
RAMKY,Ramky Infrastructure Limited,EQUITY,
RAMRAT,Ram Ratna Wires Limited,EQUITY,
RANASUG,Rana Sugars Limited,EQUITY,
RANEENGINE,Rane Engine Valve Limited,EQUITY,
RANEHOLDIN,Rane Holdings Limited,EQUITY,
RATEGAIN,Rategain Travel Technologies Limited,EQUITY,
RATNAMANI,Ratnamani Metals & Tubes Limited,EQUITY,
RATNAVEER,Ratnaveer Precision Engineering Limited,EQUITY,
RAYMOND,Raymond Limited,EQUITY,
RBA,Restaurant Brands Asia Limited,EQUITY,
RBL,Rane Brake Lining Limited,EQUITY,
RBLBANK,RBL Bank Limited,EQUITY,
RCF,Rashtriya Chemicals and Fertilizers Limited,EQUITY,
RCOM,Reliance Communications Limited,EQUITY,
RECLTD,REC Limited,EQUITY,
REDINGTON,Redington Limited,EQUITY,
REDTAPE,Redtape Limited,EQUITY,
REFEX,Refex Industries Limited,EQUITY,
REGENCERAM,Regency Ceramics Limited,EQUITY,
RELAXO,Relaxo Footwears Limited,EQUITY,
RELCAPITAL,Reliance Capital Limited,EQUITY,
RELCHEMQ,Reliance Chemotex Industries Limited,EQUITY,
RELIANCE,Reliance Industries Limited,EQUITY,
RELIGARE,Religare Enterprises Limited,EQUITY,
RELINFRA,Reliance Infrastructure Limited,EQUITY,
REMSONSIND,Remsons Industries Limited,EQUITY,
RENUKA,Shree Renuka Sugars Limited,EQUITY,
REPCOHOME,Repco Home Finance Limited,EQUITY,
REPL,Rudrabhishek Enterprises Limited,EQUITY,
REPRO,Repro India Limited,EQUITY,
RESPONIND,Responsive Industries Limited,EQUITY,
RGL,Renaissance Global Limited,EQUITY,
RHFL,Reliance Home Finance Limited,EQUITY,
RHIM,RHI MAGNESITA INDIA LIMITED,EQUITY,
RHL,Robust Hotels Limited,EQUITY,
RICOAUTO,Rico Auto Industries Limited,EQUITY,
RIIL,Reliance Industrial Infrastructure Limited,EQUITY,
RISHABH,Rishabh Instruments Limited,EQUITY,
RITCO,Ritco Logistics Limited,EQUITY,
RITES,RITES Limited,EQUITY,
RKDL,Ravi Kumar Distilleries Limited,EQUITY,
RKEC,RKEC Projects Limited,EQUITY,
RKFORGE,Ramkrishna Forgings Limited,EQUITY,
RMCL,Radha Madhav Corporation Limited,EQUITY,
RML,Rane (Madras) Limited,EQUITY,
ROHLTD,Royal Orchid Hotels Limited,EQUITY,
ROLEXRINGS,Rolex Rings Limited,EQUITY,
ROLLT,Rollatainers Limited,EQUITY,
ROLTA,Rolta India Limited,EQUITY,
ROML,Raj Oil Mills Limited,EQUITY,
ROSSARI,Rossari Biotech Limited,EQUITY,
ROSSELLIND,Rossell India Limited,EQUITY,
ROTO,Roto Pumps Limited,EQUITY,
ROUTE,ROUTE MOBILE LIMITED,EQUITY,
RPGLIFE,RPG Life Sciences Limited,EQUITY,
RPOWER,Reliance Power Limited,EQUITY,
RPPINFRA,R.P.P. Infra Projects Limited,EQUITY,
RPPL,Rajshree Polypack Limited,EQUITY,
RPSGVENT,RPSG VENTURES LIMITED,EQUITY,
RRKABEL,R R Kabel Limited,EQUITY,
RSSOFTWARE,R. S. Software (India) Limited,EQUITY,
RSWM,RSWM Limited,EQUITY,
RSYSTEMS,R Systems International Limited,EQUITY,
RTNINDIA,RattanIndia Enterprises Limited,EQUITY,
RTNPOWER,RattanIndia Power Limited,EQUITY,
RUBYMILLS,The Ruby Mills Limited,EQUITY,
RUCHINFRA,Ruchi Infrastructure Limited,EQUITY,
RUCHIRA,Ruchira Papers Limited,EQUITY,
RUPA,Rupa & Company Limited,EQUITY,
RUSHIL,Rushil Decor Limited,EQUITY,
RUSTOMJEE,Keystone Realtors Limited,EQUITY,
RVHL,Ravinder Heights Limited,EQUITY,
RVNL,Rail Vikas Nigam Limited,EQUITY,
S&SPOWER,S&S Power Switchgears Limited,EQUITY,
SABEVENTS,Sab Events & Governance Now Media Limited,EQUITY,
SABTN,Sri Adhikari Brothers Television Network Limited,EQUITY,
SADBHAV,Sadbhav Engineering Limited,EQUITY,
SADBHIN,Sadbhav Infrastructure Project Limited,EQUITY,
SADHNANIQ,Sadhana Nitrochem Limited,EQUITY,
SAFARI,Safari Industries (India) Limited,EQUITY,
SAGARDEEP,Sagardeep Alloys Limited,EQUITY,
SAGCEM,Sagar Cements Limited,EQUITY,
SAH,Sah Polymers Limited,EQUITY,
SAHYADRI,Sahyadri Industries Limited,EQUITY,
SAIL,Steel Authority of India Limited,EQUITY,
SAKAR,Sakar Healthcare Limited,EQUITY,
SAKHTISUG,Sakthi Sugars Limited,EQUITY,
SAKSOFT,Saksoft Limited,EQUITY,
SAKUMA,Sakuma Exports Limited,EQUITY,
SALASAR,Salasar Techno Engineering Limited,EQUITY,
SALONA,Salona Cotspin Limited,EQUITY,
SALSTEEL,S.A.L. Steel Limited,EQUITY,
SALZERELEC,Salzer Electronics Limited,EQUITY,
SAMBHAAV,Sambhaav Media Limited,EQUITY,
SAMHI,Samhi Hotels Limited,EQUITY,
SAMPANN,Sampann Utpadan India Limited,EQUITY,
SANCO,Sanco Industries Limited,EQUITY,
SANDESH,The Sandesh Limited,EQUITY,
SANDHAR,Sandhar Technologies Limited,EQUITY,
SANDUMA,Sandur Manganese & Iron Ores Limited,EQUITY,
SANGAMIND,Sangam (India) Limited,EQUITY,
SANGHIIND,Sanghi Industries Limited,EQUITY,
SANGHVIMOV,Sanghvi Movers Limited,EQUITY,
SANGINITA,Sanginita Chemicals Limited,EQUITY,
SANOFI,Sanofi India Limited,EQUITY,
SANSERA,Sansera Engineering Limited,EQUITY,
SANWARIA,Sanwaria Consumer Limited,EQUITY,
SAPPHIRE,Sapphire Foods India Limited,EQUITY,
SARDAEN,Sarda Energy & Minerals Limited,EQUITY,
SAREGAMA,Saregama India Limited,EQUITY,
SARLAPOLY,Sarla Performance Fibers Limited,EQUITY,
SARVESHWAR,Sarveshwar Foods Limited,EQUITY,
SASKEN,Sasken Technologies Limited,EQUITY,
SASTASUNDR,Sastasundar Ventures Limited,EQUITY,
SATIA,Satia Industries Limited,EQUITY,
SATIN,Satin Creditcare Network Limited,EQUITY,
SATINDLTD,Sat Industries Limited,EQUITY,
SBC,SBC Exports Limited,EQUITY,
SBCL,Shivalik Bimetal Controls Limited,EQUITY,
SBFC,SBFC Finance Limited,EQUITY,
SBGLP,Suratwwala Business Group Limited,EQUITY,
SBICARD,SBI Cards and Payment Services Limited,EQUITY,
SBILIFE,SBI Life Insurance Company Limited,EQUITY,
SBIN,State Bank of India,EQUITY,
SCHAEFFLER,Schaeffler India Limited,EQUITY,
SCHAND,S Chand And Company Limited,EQUITY,
SCHNEIDER,Schneider Electric Infrastructure Limited,EQUITY,
SCI,Shipping Corporation Of India Limited,EQUITY,
SCPL,Sheetal Cool Products Limited,EQUITY,
SDBL,Som Distilleries & Breweries Limited,EQUITY,
SEAMECLTD,Seamec Limited,EQUITY,
SECMARK,SecMark Consultancy Limited,EQUITY,
SECURCRED,SecUR Credentials Limited,EQUITY,
SECURKLOUD,SECUREKLOUD TECHNOLOGIES LIMITED,EQUITY,
SEJALLTD,Sejal Glass Limited,EQUITY,
SELAN,Selan Exploration Technology Limited,EQUITY,
SELMC,SEL Manufacturing Company Limited,EQUITY,
SEMAC,SEMAC CONSULTANTS LIMITED,EQUITY,
SENCO,Senco Gold Limited,EQUITY,
SEPC,SEPC Limited,EQUITY,
SEQUENT,Sequent Scientific Limited,EQUITY,
SERVOTECH,Servotech Power Systems Limited,EQUITY,
SESHAPAPER,Seshasayee Paper and Boards Limited,EQUITY,
SETCO,Setco Automotive Limited,EQUITY,
SETUINFRA,Setubandhan Infrastructure Limited,EQUITY,
SEYAIND,Seya Industries Limited,EQUITY,
SFL,Sheela Foam Limited,EQUITY,
SGIL,Synergy Green Industries Limited,EQUITY,
SGL,STL Global Limited,EQUITY,
SHAH,Shah Metacorp Limited,EQUITY,
SHAHALLOYS,Shah Alloys Limited,EQUITY,
SHAILY,Shaily Engineering Plastics Limited,EQUITY,
SHAKTIPUMP,Shakti Pumps (India) Limited,EQUITY,
SHALBY,Shalby Limited,EQUITY,
SHALPAINTS,Shalimar Paints Limited,EQUITY,
SHANKARA,Shankara Building Products Limited,EQUITY,
SHANTI,Shanti Overseas (India) Limited,EQUITY,
SHANTIGEAR,Shanthi Gears Limited,EQUITY,
SHARDACROP,Sharda Cropchem Limited,EQUITY,
SHARDAMOTR,Sharda Motor Industries Limited,EQUITY,
SHAREINDIA,Share India Securities Limited,EQUITY,
SHEMAROO,Shemaroo Entertainment Limited,EQUITY,
SHILPAMED,Shilpa Medicare Limited,EQUITY,
SHIVALIK,Shivalik Rasayan Limited,EQUITY,
SHIVAMAUTO,Shivam Autotech Limited,EQUITY,
SHIVAMILLS,Shiva Mills Limited,EQUITY,
SHIVATEX,Shiva Texyarn Limited,EQUITY,
SHK,S H Kelkar and Company Limited,EQUITY,
SHOPERSTOP,Shoppers Stop Limited,EQUITY,
SHRADHA,Shradha Infraprojects Limited,EQUITY,
SHREDIGCEM,Shree Digvijay Cement Co.Ltd,EQUITY,
SHREECEM,SHREE CEMENT LIMITED,EQUITY,
SHREEPUSHK,Shree Pushkar Chemicals & Fertilisers Limited,EQUITY,
SHREERAMA,Shree Rama Multi-Tech Limited,EQUITY,
SHRENIK,Shrenik Limited,EQUITY,
SHREYANIND,Shreyans Industries Limited,EQUITY,
SHREYAS,Shreyas Shipping & Logistics Limited,EQUITY,
SHRIPISTON,Shriram Pistons & Rings Limited,EQUITY,
SHRIRAMFIN,Shriram Finance Limited,EQUITY,
SHRIRAMPPS,Shriram Properties Limited,EQUITY,
SHYAMCENT,Shyam Century Ferrous Limited,EQUITY,
SHYAMMETL,Shyam Metalics and Energy Limited,EQUITY,
SHYAMTEL,Shyam Telecom Limited,EQUITY,
SICALLOG,Sical Logistics Limited,EQUITY,
SIEMENS,Siemens Limited,EQUITY,
SIGACHI,Sigachi Industries Limited,EQUITY,
SIGIND,Signet Industries Limited,EQUITY,
SIGMA,Sigma Solve Limited,EQUITY,
SIGNATURE,Signatureglobal (India) Limited,EQUITY,
SIKKO,Sikko Industries Limited,EQUITY,
SIL,Standard Industries Limited,EQUITY,
SILGO,Silgo Retail Limited,EQUITY,
SILINV,SIL Investments Limited,EQUITY,
SILLYMONKS,Silly Monks Entertainment Limited,EQUITY,
SILVERTUC,Silver Touch Technologies Limited,EQUITY,
SIMBHALS,Simbhaoli Sugars Limited,EQUITY,
SIMPLEXINF,Simplex Infrastructures Limited,EQUITY,
SINDHUTRAD,Sindhu Trade Links Limited,EQUITY,
SINTERCOM,Sintercom India Limited,EQUITY,
SIRCA,Sirca Paints India Limited,EQUITY,
SIS,SIS LIMITED,EQUITY,
SITINET,Siti Networks Limited,EQUITY,
SIYSIL,Siyaram Silk Mills Limited,EQUITY,
SJS,S.J.S. Enterprises Limited,EQUITY,
SJVN,SJVN Limited,EQUITY,
SKFINDIA,SKF India Limited,EQUITY,
SKIL,SKIL Infrastructure Limited,EQUITY,
SKIPPER,Skipper Limited,EQUITY,
SKMEGGPROD,SKM Egg Products Export (India) Limited,EQUITY,
SKYGOLD,Sky Gold Limited,EQUITY,
SMARTLINK,Smartlink Holdings Limited,EQUITY,
SMCGLOBAL,SMC Global Securities Limited,EQUITY,
SMLISUZU,SML Isuzu Limited,EQUITY,
SMLT,Sarthak Metals Limited,EQUITY,
SMSLIFE,SMS Lifesciences India Limited,EQUITY,
SMSPHARMA,SMS Pharmaceuticals Limited,EQUITY,
SNOWMAN,Snowman Logistics Limited,EQUITY,
SOBHA,Sobha Limited,EQUITY,
SOFTTECH,Softtech Engineers Limited,EQUITY,
SOLARA,Solara Active Pharma Sciences Limited,EQUITY,
SOLARINDS,Solar Industries India Limited,EQUITY,
SOMANYCERA,Somany Ceramics Limited,EQUITY,
SOMATEX,Soma Textiles & Industries Limited,EQUITY,
SOMICONVEY,Somi Conveyor Beltings Limited,EQUITY,
SONACOMS,Sona BLW Precision Forgings Limited,EQUITY,
SONAMCLOCK,Sonam Clock Limited,EQUITY,
SONATSOFTW,Sonata Software Limited,EQUITY,
SOTL,Savita Oil Technologies Limited,EQUITY,
SOUTHBANK,The South Indian Bank Limited,EQUITY,
SOUTHWEST,South West Pinnacle Exploration Limited,EQUITY,
SPAL,S. P. Apparels Limited,EQUITY,
SPANDANA,Spandana Sphoorty Financial Limited,EQUITY,
SPARC,Sun Pharma Advanced Research Company Limited,EQUITY,
SPCENET,Spacenet Enterprises India Limited,EQUITY,
SPECIALITY,Speciality Restaurants Limited,EQUITY,
SPENCERS,Spencer's Retail Limited,EQUITY,
SPENTEX,Spentex Industries Limited,EQUITY,
SPIC,Southern Petrochemicals Industries Corporation  Limited,EQUITY,
SPLIL,SPL Industries Limited,EQUITY,
SPLPETRO,Supreme Petrochem Limited,EQUITY,
SPMLINFRA,SPML Infra Limited,EQUITY,
SPORTKING,Sportking India Limited,EQUITY,
SPTL,Sintex Plastics Technology Limited,EQUITY,
SPYL,Shekhawati Poly-Yarn Limited,EQUITY,
SREEL,Sreeleathers Limited,EQUITY,
SRF,SRF Limited,EQUITY,
SRGHFL,SRG Housing Finance Limited,EQUITY,
SRHHYPOLTD,Sree Rayalaseema Hi-Strength Hypo Limited,EQUITY,
SRPL,Shree Ram Proteins Limited,EQUITY,
SSWL,Steel Strips Wheels Limited,EQUITY,
STAR,Strides Pharma Science Limited,EQUITY,
STARCEMENT,Star Cement Limited,EQUITY,
STARHEALTH,Star Health and Allied Insurance Company Limited,EQUITY,
STARPAPER,Star Paper Mills Limited,EQUITY,
STARTECK,Starteck Finance Limited,EQUITY,
STCINDIA,The State Trading Corporation of India Limited,EQUITY,
STEELCAS,Steelcast Limited,EQUITY,
STEELCITY,Steel City Securities Limited,EQUITY,
STEELXIND,STEEL EXCHANGE INDIA LIMITED,EQUITY,
STEL,Stel Holdings Limited,EQUITY,
STERTOOLS,Sterling Tools Limited,EQUITY,
STLTECH,Sterlite Technologies Limited,EQUITY,
STOVEKRAFT,Stove Kraft Limited,EQUITY,
STYLAMIND,Stylam Industries Limited,EQUITY,
STYRENIX,Styrenix Performance Materials Limited,EQUITY,
SUBEXLTD,Subex Limited,EQUITY,
SUBROS,Subros Limited,EQUITY,
SUDARSCHEM,Sudarshan Chemical Industries Limited,EQUITY,
SUKHJITS,Sukhjit Starch & Chemicals Limited,EQUITY,
SULA,Sula Vineyards Limited,EQUITY,
SUMEETINDS,Sumeet Industries Limited,EQUITY,
SUMICHEM,Sumitomo Chemical India Limited,EQUITY,
SUMIT,Sumit Woods Limited,EQUITY,
SUMMITSEC,Summit Securities Limited,EQUITY,
SUNDARAM,Sundaram Multi Pap Limited,EQUITY,
SUNDARMFIN,Sundaram Finance Limited,EQUITY,
SUNDARMHLD,Sundaram Finance Holdings Limited,EQUITY,
SUNDRMBRAK,Sundaram Brake Linings Limited,EQUITY,
SUNDRMFAST,Sundram Fasteners Limited,EQUITY,
SUNFLAG,Sunflag Iron And Steel Company Limited,EQUITY,
SUNPHARMA,Sun Pharmaceutical Industries Limited,EQUITY,
SUNTECK,Sunteck Realty Limited,EQUITY,
SUNTV,Sun TV Network Limited,EQUITY,
SUPERHOUSE,Superhouse Limited,EQUITY,
SUPERSPIN,Super Spinning Mills Limited,EQUITY,
SUPRAJIT,Suprajit Engineering Limited,EQUITY,
SUPREMEENG,Supreme Engineering Limited,EQUITY,
SUPREMEIND,Supreme Industries Limited,EQUITY,
SUPREMEINF,Supreme Infrastructure India Limited,EQUITY,
SUPRIYA,Supriya Lifescience Limited,EQUITY,
SURANASOL,Surana Solar Limited,EQUITY,
SURANAT&P,Surana Telecom and Power Limited,EQUITY,
SURYALAXMI,Suryalakshmi Cotton Mills Limited,EQUITY,
SURYAROSNI,Surya Roshni Limited,EQUITY,
SURYODAY,Suryoday Small Finance Bank Limited,EQUITY,
SUTLEJTEX,Sutlej Textiles and Industries Limited,EQUITY,
SUULD,Suumaya Industries Limited,EQUITY,
SUVEN,Suven Life Sciences Limited,EQUITY,
SUVENPHAR,Suven Pharmaceuticals Limited,EQUITY,
SUVIDHAA,Suvidhaa Infoserve Limited,EQUITY,
SUZLON,Suzlon Energy Limited,EQUITY,
SVLL,Shree Vasu Logistics Limited,EQUITY,
SVPGLOB,SVP GLOBAL TEXTILES LIMITED,EQUITY,
SWANENERGY,Swan Energy Limited,EQUITY,
SWARAJENG,Swaraj Engines Limited,EQUITY,
SWELECTES,Swelect Energy Systems Limited,EQUITY,
SWSOLAR,Sterling and Wilson Renewable Energy Limited,EQUITY,
SYMPHONY,Symphony Limited,EQUITY,
SYNCOMF,Syncom Formulations (India) Limited,EQUITY,
SYNGENE,Syngene International Limited,EQUITY,
SYRMA,Syrma SGS Technology Limited,EQUITY,
TAINWALCHM,Tainwala Chemical and Plastic (I) Limited,EQUITY,
TAJGVK,Taj GVK Hotels & Resorts Limited,EQUITY,
TAKE,Take Solutions Limited,EQUITY,
TALBROAUTO,Talbros Automotive Components Limited,EQUITY,
TANLA,Tanla Platforms Limited,EQUITY,
TARAPUR,Tarapur Transformers Limited,EQUITY,
TARC,TARC Limited,EQUITY,
TARMAT,Tarmat Limited,EQUITY,
TARSONS,Tarsons Products Limited,EQUITY,
TASTYBITE,Tasty Bite Eatables Limited,EQUITY,
TATACHEM,Tata Chemicals Limited,EQUITY,
TATACOFFEE,Tata Coffee Limited,EQUITY,
TATACOMM,Tata Communications Limited,EQUITY,
TATACONSUM,TATA CONSUMER PRODUCTS LIMITED,EQUITY,
TATAELXSI,Tata Elxsi Limited,EQUITY,
TATAINVEST,Tata Investment Corporation Limited,EQUITY,
TATAMETALI,Tata Metaliks Limited,EQUITY,
TATAMOTORS,Tata Motors Limited,EQUITY,
TATAMTRDVR,Tata Motors Limited,EQUITY,
TATAPOWER,Tata Power Company Limited,EQUITY,
TATASTEEL,Tata Steel Limited,EQUITY,
TATASTLLP,Tata Steel Long Products Limited,EQUITY,
TATVA,Tatva Chintan Pharma Chem Limited,EQUITY,
TBZ,Tribhovandas Bhimji Zaveri Limited,EQUITY,
TCI,Transport Corporation of India Limited,EQUITY,
TCIEXP,TCI Express Limited,EQUITY,
TCIFINANCE,TCI Finance Limited,EQUITY,
TCLCONS,Tantia Constructions Limited,EQUITY,
TCNSBRANDS,TCNS Clothing Co. Limited,EQUITY,
TCPLPACK,TCPL Packaging Limited,EQUITY,
TCS,Tata Consultancy Services Limited,EQUITY,
TDPOWERSYS,TD Power Systems Limited,EQUITY,
TEAMLEASE,Teamlease Services Limited,EQUITY,
TECHIN,Techindia Nirman Limited,EQUITY,
TECHM,Tech Mahindra Limited,EQUITY,
TECHNOE,Techno Electric & Engineering Company Limited,EQUITY,
TECILCHEM,TECIL Chemicals and Hydro Power Limited,EQUITY,
TEGA,Tega Industries Limited,EQUITY,
TEJASNET,Tejas Networks Limited,EQUITY,
TEMBO,Tembo Global Industries Limited,EQUITY,
TERASOFT,Tera Software Limited,EQUITY,
TEXINFRA,Texmaco Infrastructure & Holdings Limited,EQUITY,
TEXMOPIPES,Texmo Pipes and Products Limited,EQUITY,
TEXRAIL,Texmaco Rail & Engineering Limited,EQUITY,
TFCILTD,Tourism Finance Corporation of India Limited,EQUITY,
TFL,Transwarranty Finance Limited,EQUITY,
TGBHOTELS,TGB Banquets And Hotels Limited,EQUITY,
THANGAMAYL,Thangamayil Jewellery Limited,EQUITY,
THEINVEST,The Investment Trust Of India Limited,EQUITY,
THEJO,Thejo Engineering Limited,EQUITY,
THEMISMED,Themis Medicare Limited,EQUITY,
THERMAX,Thermax Limited,EQUITY,
THOMASCOOK,Thomas Cook  (India)  Limited,EQUITY,
THOMASCOTT,Thomas Scott (India) Limited,EQUITY,
THYROCARE,Thyrocare Technologies Limited,EQUITY,
TI,Tilaknagar Industries Limited,EQUITY,
TIDEWATER,Tide Water Oil Company (India) Limited,EQUITY,
TIIL,Technocraft Industries (India) Limited,EQUITY,
TIINDIA,Tube Investments of India Limited,EQUITY,
TIJARIA,Tijaria Polypipes Limited,EQUITY,
TIL,TIL Limited,EQUITY,
TIMESGTY,Times Guaranty Limited,EQUITY,
TIMETECHNO,Time Technoplast Limited,EQUITY,
TIMKEN,Timken India Limited,EQUITY,
TINPLATE,The Tinplate Company of India Limited,EQUITY,
TIPSFILMS,Tips Films Limited,EQUITY,
TIPSINDLTD,TIPS Industries Limited,EQUITY,
TIRUMALCHM,Thirumalai Chemicals Limited,EQUITY,
TIRUPATIFL,Tirupati Forge Limited,EQUITY,
TITAGARH,TITAGARH RAIL SYSTEMS LIMITED,EQUITY,
TITAN,Titan Company Limited,EQUITY,
TMB,Tamilnad Mercantile Bank Limited,EQUITY,
TNPETRO,Tamilnadu PetroProducts Limited,EQUITY,
TNPL,Tamil Nadu Newsprint & Papers Limited,EQUITY,
TNTELE,Tamilnadu Telecommunication Limited,EQUITY,
TOKYOPLAST,Tokyo Plast International Limited,EQUITY,
TORNTPHARM,Torrent Pharmaceuticals Limited,EQUITY,
TORNTPOWER,Torrent Power Limited,EQUITY,
TOTAL,Total Transport Systems Limited,EQUITY,
TOUCHWOOD,Touchwood Entertainment Limited,EQUITY,
TPHQ,Teamo Productions HQ Limited,EQUITY,
TPLPLASTEH,TPL Plastech Limited,EQUITY,
TRACXN,Tracxn Technologies Limited,EQUITY,
TREEHOUSE,Tree House Education & Accessories Limited,EQUITY,
TREJHARA,TREJHARA SOLUTIONS LIMITED,EQUITY,
TREL,Transindia Real Estate Limited,EQUITY,
TRENT,Trent Limited,EQUITY,
TRF,TRF Limited,EQUITY,
TRIDENT,Trident Limited,EQUITY,
TRIGYN,Trigyn Technologies Limited,EQUITY,
TRIL,Transformers And Rectifiers (India) Limited,EQUITY,
TRITURBINE,Triveni Turbine Limited,EQUITY,
TRIVENI,Triveni Engineering & Industries Limited,EQUITY,
TRU,TruCap Finance Limited,EQUITY,
TTKHLTCARE,TTK Healthcare Limited,EQUITY,
TTKPRESTIG,TTK Prestige Limited,EQUITY,
TTL,T T Limited,EQUITY,
TTML,Tata Teleservices (Maharashtra) Limited,EQUITY,
TV18BRDCST,TV18 Broadcast Limited,EQUITY,
TVSELECT,TVS Electronics Limited,EQUITY,
TVSHLTD,TVS Holdings Limited,EQUITY,
TVSMOTOR,TVS Motor Company Limited,EQUITY,
TVSSCS,TVS Supply Chain Solutions Limited,EQUITY,
TVSSRICHAK,TVS Srichakra Limited,EQUITY,
TVTODAY,TV Today Network Limited,EQUITY,
TVVISION,TV Vision Limited,EQUITY,
UBL,United Breweries Limited,EQUITY,
UCAL,UCAL LIMITED,EQUITY,
UCOBANK,UCO Bank,EQUITY,
UDAICEMENT,Udaipur Cement Works Limited,EQUITY,
UDS,Updater Services Limited,EQUITY,
UFLEX,UFLEX Limited,EQUITY,
UFO,UFO Moviez India Limited,EQUITY,
UGARSUGAR,The Ugar Sugar Works Limited,EQUITY,
UGROCAP,Ugro Capital Limited,EQUITY,
UJAAS,Ujaas Energy Limited,EQUITY,
UJJIVAN,Ujjivan Financial Services Limited,EQUITY,
UJJIVANSFB,Ujjivan Small Finance Bank Limited,EQUITY,
ULTRACEMCO,UltraTech Cement Limited,EQUITY,
UMAEXPORTS,Uma Exports Limited,EQUITY,
UMANGDAIRY,Umang Dairies Limited,EQUITY,
UMESLTD,Usha Martin Education & Solutions Limited,EQUITY,
UNICHEMLAB,Unichem Laboratories Limited,EQUITY,
UNIDT,United Drilling Tools Limited,EQUITY,
UNIENTER,Uniphos Enterprises Limited,EQUITY,
UNIINFO,Uniinfo Telecom Services Limited,EQUITY,
UNIONBANK,Union Bank of India,EQUITY,
UNIPARTS,Uniparts India Limited,EQUITY,
UNITECH,Unitech Limited,EQUITY,
UNITEDPOLY,United Polyfab Gujarat Limited,EQUITY,
UNITEDTEA,The United Nilgiri Tea Estates Company Limited,EQUITY,
UNIVAFOODS,Univa Foods Limited,EQUITY,
UNIVASTU,Univastu India Limited,EQUITY,
UNIVCABLES,Universal Cables Limited,EQUITY,
UNIVPHOTO,Universus Photo Imagings Limited,EQUITY,
UNOMINDA,UNO Minda Limited,EQUITY,
UPL,UPL Limited,EQUITY,
URAVI,Uravi T and Wedge Lamps Limited,EQUITY,
URJA,Urja Global Limited,EQUITY,
USHAMART,Usha Martin Limited,EQUITY,
USK,Udayshivakumar Infra Limited,EQUITY,
UTIAMC,UTI Asset Management Company Limited,EQUITY,
UTKARSHBNK,Utkarsh Small Finance Bank Limited,EQUITY,
UTTAMSUGAR,Uttam Sugar Mills Limited,EQUITY,
V2RETAIL,V2 Retail Limited,EQUITY,
VADILALIND,Vadilal Industries Limited,EQUITY,
VAIBHAVGBL,Vaibhav Global Limited,EQUITY,
VAISHALI,Vaishali Pharma Limited,EQUITY,
VAKRANGEE,Vakrangee Limited,EQUITY,
VALIANTLAB,Valiant Laboratories Limited,EQUITY,
VALIANTORG,Valiant Organics Limited,EQUITY,
VARDHACRLC,Vardhman Acrylics Limited,EQUITY,
VARDMNPOLY,Vardhman Polytex Limited,EQUITY,
VARROC,Varroc Engineering Limited,EQUITY,
VASCONEQ,Vascon Engineers Limited,EQUITY,
VASWANI,Vaswani Industries Limited,EQUITY,
VBL,Varun Beverages Limited,EQUITY,
VCL,Vaxtex Cotfab Limited,EQUITY,
VEDL,Vedanta Limited,EQUITY,
VENKEYS,Venky's (India) Limited,EQUITY,
VENUSPIPES,Venus Pipes & Tubes Limited,EQUITY,
VENUSREM,Venus Remedies Limited,EQUITY,
VERANDA,Veranda Learning Solutions Limited,EQUITY,
VERTOZ,Vertoz Advertising Limited,EQUITY,
VESUVIUS,Vesuvius India Limited,EQUITY,
VETO,Veto Switchgears And Cables Limited,EQUITY,
VGUARD,V-Guard Industries Limited,EQUITY,
VHL,Vardhman Holdings Limited,EQUITY,
VIDHIING,Vidhi Specialty Food Ingredients Limited,EQUITY,
VIJAYA,Vijaya Diagnostic Centre Limited,EQUITY,
VIJIFIN,Viji Finance Limited,EQUITY,
VIKASECO,Vikas EcoTech Limited,EQUITY,
VIKASLIFE,Vikas Lifecare Limited,EQUITY,
VIMTALABS,Vimta Labs Limited,EQUITY,
VINATIORGA,Vinati Organics Limited,EQUITY,
VINDHYATEL,Vindhya Telelinks Limited,EQUITY,
VINEETLAB,Vineet Laboratories Limited,EQUITY,
VINNY,Vinny Overseas Limited,EQUITY,
VINYLINDIA,Vinyl Chemicals (India) Limited,EQUITY,
VIPCLOTHNG,VIP Clothing Limited,EQUITY,
VIPIND,VIP Industries Limited,EQUITY,
VIPULLTD,Vipul Limited,EQUITY,
VIRINCHI,Virinchi Limited,EQUITY,
VISAKAIND,Visaka Industries Limited,EQUITY,
VISASTEEL,Visa Steel Limited,EQUITY,
VISESHINFO,Visesh Infotecnics Limited,EQUITY,
VISHAL,Vishal Fabrics Limited,EQUITY,
VISHNU,Vishnu Chemicals Limited,EQUITY,
VISHWARAJ,Vishwaraj Sugar Industries Limited,EQUITY,
VIVIDHA,Visagar Polytex Limited,EQUITY,
VLEGOV,VL E-Governance & IT Solutions Limited,EQUITY,
VLSFINANCE,VLS Finance Limited,EQUITY,
VMART,V-Mart Retail Limited,EQUITY,
VOLTAMP,Voltamp Transformers Limited,EQUITY,
VOLTAS,Voltas Limited,EQUITY,
VPRPL,Vishnu Prakash R Punglia Limited,EQUITY,
VRLLOG,VRL Logistics Limited,EQUITY,
VSSL,Vardhman Special Steels Limited,EQUITY,
VSTIND,VST Industries Limited,EQUITY,
VSTTILLERS,V.S.T Tillers Tractors Limited,EQUITY,
VTL,Vardhman Textiles Limited,EQUITY,
WABAG,VA Tech Wabag Limited,EQUITY,
WALCHANNAG,Walchandnagar Industries Limited,EQUITY,
WANBURY,Wanbury Limited,EQUITY,
WATERBASE,Waterbase Limited,EQUITY,
WEALTH,Wealth First Portfolio Managers Limited,EQUITY,
WEBELSOLAR,Websol Energy System Limited,EQUITY,
WEIZMANIND,Weizmann Limited,EQUITY,
WEL,Wonder Electricals Limited,EQUITY,
WELCORP,Welspun Corp Limited,EQUITY,
WELENT,Welspun Enterprises Limited,EQUITY,
WELINV,Welspun Investments and Commercials Limited,EQUITY,
WELSPUNIND,Welspun India Limited,EQUITY,
WENDT,Wendt (India) Limited,EQUITY,
WESTLIFE,WESTLIFE FOODWORLD LIMITED,EQUITY,
WEWIN,WE WIN LIMITED,EQUITY,
WHEELS,Wheels India Limited,EQUITY,
WHIRLPOOL,Whirlpool of India Limited,EQUITY,
WILLAMAGOR,Williamson Magor & Company Limited,EQUITY,
WINDLAS,Windlas Biotech Limited,EQUITY,
WINDMACHIN,Windsor Machines Limited,EQUITY,
WINSOME,Winsome Yarns Limited,EQUITY,
WIPL,The Western India Plywoods Limited,EQUITY,
WIPRO,Wipro Limited,EQUITY,
WOCKPHARMA,Wockhardt Limited,EQUITY,
WONDERLA,Wonderla Holidays Limited,EQUITY,
WORTH,Worth Peripherals Limited,EQUITY,
WSI,W S Industries (I) Limited,EQUITY,
WSTCSTPAPR,West Coast Paper Mills Limited,EQUITY,
XCHANGING,Xchanging Solutions Limited,EQUITY,
XELPMOC,Xelpmoc Design And Tech Limited,EQUITY,
XPROINDIA,Xpro India Limited,EQUITY,
YAARI,Yaari Digital Integrated Services Limited,EQUITY,
YASHO,Yasho Industries Limited,EQUITY,
YATHARTH,Yatharth Hospital & Trauma Care Services Limited,EQUITY,
YATRA,Yatra Online Limited,EQUITY,
YESBANK,Yes Bank Limited,EQUITY,
YUKEN,Yuken India Limited,EQUITY,
ZAGGLE,Zaggle Prepaid Ocean Services Limited,EQUITY,
ZEEL,Zee Entertainment Enterprises Limited,EQUITY,
ZEELEARN,Zee Learn Limited,EQUITY,
ZEEMEDIA,Zee Media Corporation Limited,EQUITY,
ZENITHEXPO,Zenith Exports Limited,EQUITY,
ZENITHSTL,Zenith Steel Pipes & Industries Limited,EQUITY,
ZENSARTECH,Zensar Technologies Limited,EQUITY,
ZENTEC,Zen Technologies Limited,EQUITY,
ZFCVINDIA,ZF Commercial Vehicle Control Systems India Limited,EQUITY,
ZIMLAB,Zim Laboratories Limited,EQUITY,
ZODIAC,Zodiac Energy Limited,EQUITY,
ZODIACLOTH,Zodiac Clothing Company Limited,EQUITY,
ZOMATO,Zomato Limited,EQUITY,
ZOTA,Zota Health Care LImited,EQUITY,
ZUARI,Zuari Agro Chemicals Limited,EQUITY,
ZUARIIND,ZUARI INDUSTRIES LIMITED,EQUITY,
ZYDUSLIFE,Zydus Lifesciences Limited,EQUITY,
ZYDUSWELL,Zydus Wellness Limited,EQUITY,
NIFTYBEES,NIP IND ETF NIFTY BEES,ETF,Nifty 50
JUNIORBEES,NIP IND ETF JUNIOR BEES,ETF,Nifty Next 50
LIQUIDBEES,NIP IND ETF LIQUID BEES,ETF,Government Securities
BANKBEES,NIP IND ETF BANK BEES,ETF,Nifty Bank
GOLDBEES,NIP IND ETF GOLD BEES,ETF,Gold
GOLDSHARE,UTI Mutual Fund - UTI Gol,ETF,Gold
KOTAKGOLD,Kotak Mutual Fund - Gold,ETF,Gold
PSUBNKBEES,NIP IND ETF PSU BANK BEES,ETF,Nifty PSU Bank
KOTAKPSUBK,Kotak Mahindra Mutual Fun,ETF,Nifty PSU Bank
QGOLDHALF,Quantum Gold Fund -Exchan,ETF,Gold
QNIFTY,Quantum Nifty ETF,ETF,Nifty 50
SHARIABEES,NIP IND ETF SHARIAH BEES,ETF,Shariah
SETFGOLD,SBI-ETF Gold,ETF,Gold
KOTAKNIFTY,Kotak Nifty ETF,ETF,Nifty 50
HNGSNGBEES,NIP IND ETF HANGSENG BEES,ETF,Hang Seng Index
IVZINGOLD,Invesco India Gold ETF,ETF,Gold
MOM50,Motilal Oswal M50 ETF,ETF,Nifty 50 Index
HDFCGOLD,HDFC Gold ETF,ETF,Gold
ICICIGOLD,ICICI Prud Gold ETF,ETF,Gold
INFRABEES,NIP IND ETF INFRA BEES,ETF,Nifty Infra
AXISGOLD,Axis MF - Axis Gold ETF,ETF,Gold
MOM100,Motilal Os Midcap100 ETF,ETF,Nifty Midcap 100 Index
MON100,Motilal Os NASDAQ100 ETF,ETF,NASDAQ-100 Index
BSLGOLDETF,AB SL Gold ETF-GO,ETF,Gold
IVZINNIFTY,Invesco MF - Nifty ETF,ETF,Nifty 50
BSLNIFTY,AB SL Nifty ETF - GO,ETF,Nifty 50
LICMFGOLD,LIC MF  LIC Gold ETF,ETF,Gold
ICICINIFTY,ICICI Pru Nifty ETF,ETF,Nifty 50
NIF100BEES,NIP IND ETF NIFTY 100,ETF,Nifty 100
ICICINF100,ICICI Pru Nifty 100 ETF,ETF,Nifty 100
CPSEETF,CPSE ETF,ETF,Nifty CPSE
CONSUMBEES,NIP IND ETF CONSUMPTION,ETF,Nifty Consumption
DIVOPPBEES,NIP IND ETF DIV OPP,ETF,Nifty Div Opps 50
ICICISENSX,ICICI Pru Sensex ETF,ETF,SENSEX
KOTAKBKETF,KOTAKMAMC - KOTAKBKETF,ETF,Nifty Bank
LICNETFGSC,LICNAMC - LICNMFET,ETF,GSEC10 NSE Index
SETFNIFBK,SBI-ETF Nifty Bank,ETF,Nifty Next 50
SETFNN50,SBI-ETF Nifty Next 50,ETF,Nifty Bank
NV20BEES,NIP IND ETF ETF NV20,ETF,Nifty50 Value 20
SETFNIF50,SBI-ETF Nifty 50,ETF,Nifty 50
UTINIFTETF,UTIAMC - UTINIFTETF,ETF,Nifty 50
UTISENSETF,UTIAMC - UTISENSETF,ETF,SENSEX
LICNETFN50,LICNAMC - LICNFENGP,ETF,Nifty 50
LICNETFSEN,LICNAMC - LICNFESGP,ETF,SENSEX
KOTAKNV20,KOTAKMAMC - KTKNV20ETF,ETF,Nifty50 Value 20
HDFCNIFTY,HDFCAMC - HDFCNIFTY,ETF,Nifty 50
HDFCSENSEX,HDFCAMC - HDFCSENSEX,ETF,SENSEX
EBANK,Edelweiss ETF-Nifty Bank,ETF,Nifty Bank
LICNFNHGP,LICNAMC - LICNFNHGP,ETF,Nifty 100
SETF10GILT,SBIAMC - SETF10GILT,ETF,Nifty 10 yr Benchmark G-Sec Index
ICICINV20,ICICI Pru NV20 ETF,ETF,Nifty50 Value 20
ICICIMCAP,ICICI Pru Midcap Sel ETF,ETF,Nifty GS 8 13Yr
LTGILTBEES,NIP IND ETF LONGTERM GILT,ETF,S&P BSE Midcap Select Index
IDFNIFTYET,IDFCAMC - IDFNIFTYET,ETF,NIFTY 50
AXISNIFTY,AXISAMC - AXISNIFTY,ETF,NIFTY 50
ICICILOVOL,ICICI Pru Nifty Low vol30,ETF,Nifty 100 Low Volatility 30 Index
UTINEXT50,UTIAMC - UTINEXT50,ETF,Nifty Next 50
ICICIB22,ICICIPRAMC - BHARATIWIN,ETF,S&P BSE BHARAT 22 index
LIQUIDETF,DSPAMC - LIQUIDETF,ETF,Nifty1D rate index
ICICI500,ICICIPRAMC - ICICI500,ETF,S&P BSE 500 index
ICICINXT50,ICICIPRAMC - ICICINXT50,ETF,Nifty Next 50
ICICILIQ,ICICIPRAMC - ICICILIQ,ETF,S&P BSE Liquid Rate Index.
NIFTYETF,MIRAEAMC - MAN50ETF,ETF,Nifty 50
SBIETFQLTY,SBIAMC - SBIETFQLTY,ETF,Nifty 200 Quality 30 Index
ABSLNN50ET,BIRLASLAMC - ABSLNN50ET,ETF,Nifty Next 50
NETF,TATAAML - NETF,ETF,Nifty 50
MID150BEES,NIP IND ETF MIDCAP 150,ETF,Nifty Midcap 150
UTISXN50,UTIAMC - UTISXN50,ETF,BSE Sensex Next 50
IBMFNIFTY,IBULLSAMC - IBMFNIFTY,ETF,Nifty 50
ICICIBANKN,ICICIPRAMC - IPRU5008,ETF,Nifty Bank Index
ICICIBANKP,ICICIPRAMC - ICICIBANKP,ETF,Nifty Private Bank Index
NPBET,TATAAML - NPBET,ETF,Nifty Private Bank Index
ABSLBANETF,BIRLASLAMC - ABSLBANETF,ETF,Nifty Bank
EBBETF0423,EDELAMC - EBBETF0423,ETF,Nifty BHARAT Bond
EBBETF0430,EDELAMC - EBBETF0430,ETF,Nifty BHARAT Bond
ICICIM150,ICICIPRAMC - ICICIM150,ETF,Nifty Midcap 150
NEXT50,MIRAEAMC - MANXT50,ETF,Nifty Next 50
ITBEES,NIP IND ETF IT,ETF,Nifty IT
EBBETF0425,EDELAMC - EBBETF0425,ETF,Nifty BHARAT Bond Index  April 2025
EBBETF0431,EDELAMC - EBBETF0431,ETF,Nifty BHARAT Bond Index  April 2031
ICICIALPLV,ICICIPRAMC - ICICIALPLV,ETF,Nifty Alpha Low-Volatility 30 Index
ICICITECH,ICICIPRAMC - ICICITECH,ETF,NIFTY IT Index
HDFCNIFBAN,HDFCAMC - HDFCNIFBAN,ETF,NIFTY Bank Index
UTIBANKETF,UTIAMC - UTIBANKETF,ETF,Nifty Bank Index
SBIETFIT,SBIAMC - SBIETFIT,ETF,Nifty IT Index
SBIETFPB,SBIAMC - SBIETFPB,ETF,Nifty Private Bank Index
AXISBNKETF,AXISAMC - AXISBNKETF,ETF,Nifty Bank
SDL24BEES,NIPPON INDIA- NIMFXX,ETF,Nifty CPSE Bond Plus SDL Sep 2024 50:50 Index
ESG,MIRAEAMC - MAESGETF,ETF,Nifty100 ESG Sector Leaders Total Return Index
MOGSEC,MOTILALAMC - G5,ETF,Nifty 5 yr Benchmark G-Sec Index
KOTAKIT,KOTAKMAMC - KOTAKIT,ETF,NIFTY IT Index
AXISTECETF,AXISAMC - AXISTECETF,ETF,NIFTY IT Index
NETFSDL26,RELCAPAMC-NETFSDL26,ETF,Nifty SDL Apr 2026 Top 20 Equal Weight Index
GILT5YBEES,RELCAPAMC - NETFGILT5Y,ETF,Nifty 5 yr Benchmark G-Sec Index
MAFANG,MIRAEAMC - MAFANG,ETF,NYSE FANG+ Total Return Index
AXISBPSETF,AXISAMC - AXISBPSETF,ETF,Nifty AAA Bond Plus SDL Apr 2026 50:50 Index
AXISHCETF,AXISAMC - AXISHCETF,ETF,Nifty Healthcare Index
ICICIPHARM,ICICIPRAMC - ICICIPHARM,ETF,Nifty Healthcare Index
PHARMABEES,NIPPONAMC - NETFPHARMA,ETF,NIFTY Pharma Index
SBIETFCON,SBIAMC - SBIETFCON,ETF,Nifty India Consumption Index
BFSI,MIRAEAMC - MAFSETF,ETF,Nifty Financial Services Index
ICICIFMCG,ICICIPRAMC - ICICIFMCG,ETF,Nifty FMCG Index
AXISCETF,AXISAMC - AXISCETF,ETF,NIFTY India Consumption Index
MASPTOP50	,MIRAEAMC - MASPTOP50,ETF,S&P 500 Top 50 Total Return Index
BSLSENETFG,BIRLASLAMC - BSLSENETFG,ETF,BSE SENSEX Index
HEALTHY,BIRLASLAMC - HEALTHY,ETF,Nifty Healthcare TRI Index
ICICICONSU,ICICIPRAMC - ICICICONSU,ETF,Nifty India Consumption Index
TECH,BIRLASLAMC - TECH,ETF,Nifty IT TRI Index
DSPNEWETF,DSPAMC - DSPNEWETF,ETF,NIFTY 50 Equal Weight Index
MAHKTECH,MIRAEAMC - MAHKTECH,ETF,Hang Seng TECH Total Return Index
BBETF0432,EDELAMC - BBETF0432,ETF,Nifty BHARAT Bond Index - April 2032
KOTAKALPHA,KOTAKMAMC - KOTAKALPHA,ETF,NIFTY Alpha 50 Index
MONQ50,MOTILALAMC - MONQ50,ETF,Nasdaq Q-50 Total Return Index
DSPN50ETF,DSPAMC - DSPN50ETF,ETF,Nifty 50 Index
DSPQ50ETF,DSPAMC - DSPQ50ETF,ETF,Nifty Midcap 150 Quality 50 Index
ICICIAUTO,ICICIPRAMC - ICICIAUTO,ETF,Nifty Auto Index
AUTOBEES,NIPPONAMC - NETFAUTO,ETF,Nifty Auto Index
ICICISILVE,ICICIPRAMC - ICICISILVE,ETF,Domestic Price of Silver
MAKEINDIA,MIRAEAMC - MAMFGETF,ETF,Nifty India Manufacturing Total Return Index
SILVER,BIRLASLAMC - SILVER,ETF,Physical price of Silver
KOTAKMID50,KOTAKMAMC - KOTAKMID50,ETF,Nifty Midcap 50 Index
SILVERBEES,NIPPONAMC - NETFSILVER,ETF,Domestic Price of Silver
NETFSILVER,NIPPONAMC - NETFSILVER,ETF,Nifty India Digital Index
MOMOMENTUM,MOTILALAMC - MOMOMENTUM,ETF,Nifty 200 Momentum 30 Total Return Index
ICICI5GSEC,ICICIPRAMC - ICICI5GSEC,ETF,Nifty 5 yr Benchmark G-Sec Index
MIDCAPETF,MIRAEAMC - MAM150ETF,ETF,Mirae Asset Mutual Fund - Mirae Asset Nifty Midcap 150 ETF
KOTAKLOVOL,KOTAKMAMC - KOTAKLOVOL,ETF,Kotak Nifty 100 Low Vol 30 ETF
MOLOWVOL,MOTILALAMC - MOLOWVOL,ETF,Nifty Midcap 100 TRI
TNIDETF,TATAAML - TNIDETF,ETF,Nifty India Digital Index
MOHEALTH,MOTILALAMC - MOHEALTH,ETF,Motilal Oswal S&P BSE Healthcare ETF
KOTAKCONS,KOTAKMAMC - KOTAKCONS,ETF,Kotak Nifty India Consumption ETF	
ICICIMOM30,ICICIPRAMC - ICICIMOM30,ETF,ICICI Prudential Nifty 200 Momentum 30 ETF	
HDFCNEXT50	,HDFCAMC - HDFCNEXT50,ETF,HDFC NIFTY NEXT 50 ETF	
HDFCNIF100,HDFCAMC - HDFCNIF100,ETF,HDFC NIFTY 100 ETF	
KOTAKMNC,KOTAKMAMC - KOTAKMNC,ETF,Kotak Nifty MNC ETF	
MOMENTUM,BIRLASLAMC - MOMENTUM,ETF,Aditya Birla Sun Life Nifty 200 Momentum 30 ETF	
NIFTYQLITY,BIRLASLAMC - NIFTYQLITY,ETF,Aditya Birla Sun Life Nifty 200 Quality 30 ETF	
ICICIINFRA,ICICIPRAMC - ICICIINFRA,ETF,ICICI Prudential Nifty Infrastructure ETF	
DSPSILVETF,DSPAMC - DSPSILVETF,ETF,DSP Silver ETF	
MOQUALITY,MOTILALAMC - MOQUALITY,ETF,Motilal Oswal S&P BSE Quality ETF	
MOVALUE,MOTILALAMC - MOVALUE,ETF,Motilal Oswal S&P BSE Enhanced Value ETF	
HDFCSILVER,HDFCAMC - HDFCSILVER,ETF,HDFC Silver ETF	
AXISILVER,AXISAMC - AXISILVER,ETF,Axis Silver ETF	
HDFCVALUE,HDFCAMC - HDFCVALUE,ETF,HDFC NIFTY50 Value 20 ETF	
HDFCGROWTH,HDFCAMC - HDFCGROWTH,ETF,HDFC NIFTY Growth Sectors 15 ETF
HDFCQUAL,HDFCAMC - HDFCQUAL,ETF,HDFC NIFTY100 Quality 30 ETF
HDFCLOWVOL,HDFCAMC - HDFCLOWVOL,ETF,HDFC NIFTY100 Low Volatility 30 ETF	
HDFCMOMENT,HDFCAMC - HDFCMOMENT,ETF,HDFC NIFTY200 Momentum 30 ETF	
HDFCNIFIT,HDFCAMC - HDFCNIFIT,ETF,HDFC NIFTY IT ETF
HDFCPVTBAN,HDFCAMC - HDFCPVTBAN,ETF,HDFC NIFTY Private Bank ETF
ICICIFIN,ICICIPRAMC-ICICIFIN,ETF,ICICI Prudential Nifty Financial Services Ex-Bank ETF
KOTAKSILVE	,KOTAKMAMC - KOTAKSILVE,ETF,Kotak Silver ETF
ICICI10GS,ICICIPRAMC - ICICI10GS,ETF,ICICI Prudential Nifty 10 yr Benchmark G-Sec ETF
EBBETF0433,EDELAMC - EBBETF0433,ETF,BHARAT Bond ETF-April 2033
ICICICOMMO,ICICIPRAMC - ICICICOMMO,ETF,ICICI Prudential Nifty Commodities ETF
DSPBANKETF,DSPAMC - DSPBANKETF,ETF,DSP Nifty Bank ETF
KOTAKLIQ,KOTAKMAMC - KOTAKLIQ,ETF,Kotak Nifty 1D Rate Liquid ETF
HDFCSML250,HDFCAMC - HDFCSML250,ETF,HDFC NIFTY Smallcap 250 ETF
HDFCMID150,HDFCAMC - HDFCMID150,ETF,HDFC NIFTY Midcap 150 ETF
HDFCBSE500,HDFCAMC - HDFCBSE500,ETF,HDFC S&P BSE 500 ETF
GOLDETF,MIRAEAMC - MAGOLDETF,ETF,Mirae Asset Gold ETF
ABSLLIQUID,BIRLASLAMC - ABSLLIQUID,ETF,Aditya Birla Sun Life CRISIL Overnight Fund AI Index ETF
PSUBANKICI,ICICIPRAMC - PSUBANKICI,ETF,ICICI Prudential Nifty PSU Bank ETF
AXSENSEX,AXISAMC - AXSENSEX,ETF,AXIS S&P BSE SENSEX ETF
LOWVOL,MIRAEAMC - MANV30F,ETF,Mirae Asset Nifty 100 Low Volatility 30 ETF
GSEC10YEAR,MIRAEAMC - MAGS813ETF,ETF,Mirae Asset Nifty 8-13 Yr G-Sec ETF
SILVERETF,UTIAMC - SILVERETF,ETF,UTI Silver Exchange Traded Fund (UTI Silver ETF)
DSPGOLDETF,DSPAMC - DSPGOLDETF,ETF,DSP GOLD ETF
SILVRETF,MIRAEAMC - MASILVER,ETF,Mirae Asset Silver ETF
DSPITETF,DSPAMC - DSPITETF,ETF,DSP Nifty IT ETF
BANKETF,MIRAEAMC - BANKETF,ETF,Mirae Asset Nifty Bank ETF
LIQUID,MIRAEAMC - LIQUID,ETF,Mirae Asset Nifty 1D Rate Liquid ETF
DSPPVBKETF,DSPAMC - DSPPVBKETF,ETF,DSP Nifty Private Bank ETF
DSPPSBKETF,DSPAMC - DSPPSBKETF,ETF,DSP Nifty PSU Bank ETF
DSPSENXETF,DSPAMC - DSPSENXETF,ETF,DSP S&P BSE Sensex ETF
ICICIQTY30,ICICIPRAMC - ICICIQTY30,ETF,ICICI Prudential Nifty 200 Quality 30 ETF
HDFCLIQUID,HDFCAMC - HDFCLIQUID,ETF,HDFC Nifty 1D Rate Liquid ETF
NIFMID150,UTIAMC - NIFMID150,ETF,UTI Nifty Midcap 150 Exchange Traded Fund (ETF)
NAVINIFTY,NAVIAMC - NAVINIFTY,ETF,Navi Nifty 50 ETF
SENSEXETF,MIRAEAMC - SENSEXETF,ETF,Mirae Asset S&P BSE Sensex ETF
MONIFTY500,MOTILALAMC - MONIFTY500,ETF,Motilal Oswal Nifty 500 ETF
